mal_id,title_english,type,source,episodes,status,airing,rating,score,scored_by,rank,popularity,members,favorites,year,genres,studios
1,Cowboy Bebop,TV,Original,26,Finished Airing,FALSE,R - 17+ (violence & profanity),8.75,1052474,47,42,2037770,89098,1998,"Action, Award Winning, Sci-Fi",Sunrise
5,Cowboy Bebop: The Movie,Movie,Original,1,Finished Airing,FALSE,R - 17+ (violence & profanity),8.38,230687,241,654,408768,1773,,"Action, Sci-Fi",Bones
6,Trigun,TV,Manga,26,Finished Airing,FALSE,PG-13 - Teens 13 or older,8.22,398767,407,264,827447,17494,1998,"Action, Adventure, Sci-Fi",Madhouse
18,Initial D Fourth Stage,TV,Manga,24,Finished Airing,FALSE,PG-13 - Teens 13 or older,8.17,118322,466,1301,212751,1423,2004,"Action, Drama",A.C.G.T.
19,Monster,TV,Manga,74,Finished Airing,FALSE,R+ - Mild Nudity,8.89,502743,25,119,1308032,61307,2004,"Drama, Mystery, Suspense",Madhouse
21,One Piece,TV,Manga,,Currently Airing,TRUE,PG-13 - Teens 13 or older,8.73,1508303,52,17,2643713,249284,1999,"Action, Adventure, Fantasy",Toei Animation
30,Neon Genesis Evangelion,TV,Original,26,Finished Airing,FALSE,PG-13 - Teens 13 or older,8.37,1201625,248,45,2007001,116733,1995,"Avant Garde, Award Winning, Drama, Sci-Fi, Suspense","Gainax, Tatsunoko Production"
32,Neon Genesis Evangelion: The End of Evangelion,Movie,Original,1,Finished Airing,FALSE,R+ - Mild Nudity,8.57,688930,122,177,1031056,32121,,"Avant Garde, Drama, Sci-Fi, Suspense","Gainax, Production I.G"
33,Berserk,TV,Manga,25,Finished Airing,FALSE,R+ - Mild Nudity,8.61,407982,104,301,756980,31400,1997,"Action, Adventure, Drama, Fantasy, Horror",OLM
43,Ghost in the Shell,Movie,Manga,1,Finished Airing,FALSE,R+ - Mild Nudity,8.27,359266,347,339,697925,14221,,"Award Winning, Mystery, Sci-Fi, Suspense",Production I.G
44,Samurai X: Trust and Betrayal,OVA,Manga,4,Finished Airing,FALSE,R - 17+ (violence & profanity),8.69,143969,66,945,291401,6447,,"Action, Drama, Romance",Studio Deen
45,Rurouni Kenshin,TV,Manga,94,Finished Airing,FALSE,PG-13 - Teens 13 or older,8.27,247400,340,480,522768,10368,1996,"Action, Comedy, Romance","Gallop, Studio Deen"
57,Beck: Mongolian Chop Squad,TV,Manga,26,Finished Airing,FALSE,R - 17+ (violence & profanity),8.29,150268,330,727,372835,9161,2004,Drama,Madhouse
136,Hunter x Hunter,TV,Manga,62,Finished Airing,FALSE,PG-13 - Teens 13 or older,8.43,312487,204,381,643121,12117,1999,"Action, Adventure, Fantasy",Nippon Animation
137,Hunter x Hunter: Original Video Animation,OVA,Manga,8,Finished Airing,FALSE,PG-13 - Teens 13 or older,8.31,70314,302,1897,136506,439,,"Action, Adventure, Fantasy",Nippon Animation
138,Hunter x Hunter: Greed Island,OVA,Manga,8,Finished Airing,FALSE,PG-13 - Teens 13 or older,8.18,92040,458,1509,181394,321,,"Action, Adventure, Fantasy",Nippon Animation
139,Hunter x Hunter: Greed Island Final,OVA,Manga,14,Finished Airing,FALSE,PG-13 - Teens 13 or older,8.25,83472,367,1692,156281,260,,"Action, Adventure, Fantasy",Nippon Animation
164,Princess Mononoke,Movie,Original,1,Finished Airing,FALSE,PG-13 - Teens 13 or older,8.67,882094,80,106,1370154,24069,,"Action, Adventure, Award Winning, Fantasy",Studio Ghibli
170,Slam Dunk,TV,Manga,101,Finished Airing,FALSE,PG-13 - Teens 13 or older,8.55,150548,131,822,335363,8095,1993,Sports,Toei Animation
185,Initial D First Stage,TV,Manga,26,Finished Airing,FALSE,PG-13 - Teens 13 or older,8.36,216426,257,605,435241,13837,1998,"Action, Drama","Gallop, Studio Comet"
186,Initial D Second Stage,TV,Manga,13,Finished Airing,FALSE,PG-13 - Teens 13 or older,8.19,151370,443,1068,260669,1207,1999,"Action, Drama",Pastel
199,Spirited Away,Movie,Original,1,Finished Airing,FALSE,PG - Children,8.77,1402968,43,44,2012734,34953,,"Adventure, Award Winning, Fantasy",Studio Ghibli
205,Samurai Champloo,TV,Original,26,Finished Airing,FALSE,R - 17+ (violence & profanity),8.52,682150,151,112,1340754,40869,2004,"Action, Adventure, Comedy",Manglobe
232,Cardcaptor Sakura,TV,Manga,70,Finished Airing,FALSE,PG - Children,8.18,233152,453,533,482783,14696,1998,"Adventure, Comedy, Drama, Romance",Madhouse
235,Case Closed,TV,Manga,,Currently Airing,TRUE,PG-13 - Teens 13 or older,8.18,169328,462,721,375729,15969,1996,"Adventure, Comedy, Mystery",TMS Entertainment
245,Great Teacher Onizuka,TV,Manga,43,Finished Airing,FALSE,R - 17+ (violence & profanity),8.68,445783,74,221,911992,28580,1999,Comedy,Studio Pierrot
263,Fighting Spirit,TV,Manga,75,Finished Airing,FALSE,PG-13 - Teens 13 or older,8.78,338379,37,349,685352,24996,2000,Sports,Madhouse
264,Fighting Spirit: Champion Road,TV Special,Manga,1,Finished Airing,FALSE,PG-13 - Teens 13 or older,8.25,94131,365,1697,155840,277,,Sports,Madhouse
265,Fighting Spirit: Mashiba vs. Kimura,OVA,Manga,1,Finished Airing,FALSE,PG-13 - Teens 13 or older,8.25,77414,366,2000,126591,234,,Sports,Madhouse
329,Planetes,TV,Manga,26,Finished Airing,FALSE,PG-13 - Teens 13 or older,8.24,82747,385,998,278322,4100,2003,"Award Winning, Drama, Romance, Sci-Fi",Sunrise
338,The Rose of Versailles,TV,Manga,40,Finished Airing,FALSE,PG-13 - Teens 13 or older,8.35,33949,265,2172,113594,3398,1979,"Drama, Romance",Tokyo Movie Shinsha
372,Cardcaptor Sakura Movie 2: The Sealed Card,Movie,Manga,1,Finished Airing,FALSE,PG - Children,8.21,70547,416,2043,123251,502,,"Award Winning, Comedy, Drama, Romance",Madhouse
392,Yu Yu Hakusho: Ghost Files,TV,Manga,112,Finished Airing,FALSE,PG-13 - Teens 13 or older,8.46,356064,183,304,748080,24559,1992,"Action, Supernatural",Studio Pierrot
431,Howl's Moving Castle,Movie,Novel,1,Finished Airing,FALSE,G - All Ages,8.67,1017759,77,99,1476866,31572,,"Adventure, Award Winning, Drama, Fantasy, Romance",Studio Ghibli
437,Perfect Blue,Movie,Novel,1,Finished Airing,FALSE,R+ - Mild Nudity,8.55,437012,138,274,811000,21728,,"Avant Garde, Award Winning, Drama, Horror, Suspense",Madhouse
440,Revolutionary Girl Utena,TV,Original,39,Finished Airing,FALSE,PG-13 - Teens 13 or older,8.23,71422,392,1135,245706,9662,1997,"Award Winning, Drama",J.C.Staff
457,Mushi-Shi,TV,Manga,26,Finished Airing,FALSE,PG-13 - Teens 13 or older,8.65,296516,82,225,899756,28265,2005,"Adventure, Mystery, Slice of Life, Supernatural",Artland
467,Ghost in the Shell: Stand Alone Complex,TV,Manga,26,Finished Airing,FALSE,R - 17+ (violence & profanity),8.42,171850,209,629,422045,8967,2002,"Award Winning, Mystery, Sci-Fi",Production I.G
486,Kino's Journey,TV,Light novel,13,Finished Airing,FALSE,R - 17+ (violence & profanity),8.28,105414,335,767,352848,7563,2003,"Adventure, Drama, Fantasy",A.C.G.T.
512,Kiki's Delivery Service,Movie,Novel,1,Finished Airing,FALSE,G - All Ages,8.23,425437,390,370,656497,6678,,"Adventure, Award Winning, Comedy, Drama, Fantasy",Studio Ghibli
513,Castle in the Sky,Movie,Original,1,Finished Airing,FALSE,PG - Children,8.26,332915,354,466,533661,4805,,"Adventure, Award Winning, Fantasy",Studio Ghibli
523,My Neighbor Totoro,Movie,Original,1,Finished Airing,FALSE,G - All Ages,8.25,751837,369,144,1155647,9212,,"Adventure, Award Winning, Supernatural",Studio Ghibli
558,Major S2,TV,Manga,26,Finished Airing,FALSE,PG-13 - Teens 13 or older,8.17,47711,470,2796,76370,312,2006,Sports,Studio Hibari
572,Nausicaä of the Valley of the Wind,Movie,Manga,1,Finished Airing,FALSE,PG-13 - Teens 13 or older,8.36,256532,261,652,411408,6055,,"Adventure, Award Winning, Drama, Fantasy",Topcraft
578,Grave of the Fireflies,Movie,Novel,1,Finished Airing,FALSE,PG-13 - Teens 13 or older,8.54,454881,141,300,758991,9113,,Drama,Studio Ghibli
585,Whisper of the Heart,Movie,Manga,1,Finished Airing,FALSE,G - All Ages,8.22,227793,404,665,403869,5691,,"Drama, Romance",Studio Ghibli
627,Major S1,TV,Manga,26,Finished Airing,FALSE,PG-13 - Teens 13 or older,8.2,53974,426,2240,107732,1438,2004,Sports,Studio Hibari
759,Tokyo Godfathers,Movie,Original,1,Finished Airing,FALSE,R+ - Mild Nudity,8.29,164141,326,843,328234,2997,,"Award Winning, Comedy, Drama",Madhouse
777,Hellsing Ultimate,OVA,Manga,10,Finished Airing,FALSE,R - 17+ (violence & profanity),8.34,521997,276,182,1010860,23539,,"Action, Horror, Supernatural","Madhouse, Satelight, Graphinica"
801,Ghost in the Shell: Stand Alone Complex 2nd GIG,TV,Manga,26,Finished Airing,FALSE,R - 17+ (violence & profanity),8.51,108963,156,1165,240850,3279,2004,"Mystery, Sci-Fi",Production I.G
813,Dragon Ball Z,TV,Manga,291,Finished Airing,FALSE,PG-13 - Teens 13 or older,8.21,900923,417,116,1316967,41952,1989,"Action, Adventure, Comedy, Fantasy",Toei Animation
820,Legend of the Galactic Heroes,OVA,Novel,110,Finished Airing,FALSE,R - 17+ (violence & profanity),9.02,87043,10,756,358962,17689,,"Drama, Sci-Fi","K-Factory, Kitty Film Mitaka Studio"
853,Ouran High School Host Club,TV,Manga,26,Finished Airing,FALSE,PG-13 - Teens 13 or older,8.16,724887,494,136,1220509,36917,2006,"Comedy, Romance",Bones
877,Nana,TV,Manga,47,Finished Airing,FALSE,R+ - Mild Nudity,8.57,299036,119,295,771975,35086,2006,"Drama, Romance",Madhouse
918,Gintama,TV,Manga,201,Finished Airing,FALSE,PG-13 - Teens 13 or older,8.93,421736,19,147,1146253,61656,2006,"Action, Comedy, Sci-Fi",Sunrise
962,Aria the Natural,TV,Manga,26,Finished Airing,FALSE,G - All Ages,8.16,31985,488,2610,85481,832,2006,"Sci-Fi, Slice of Life",HAL Film Maker
1033,Millennium Actress,Movie,Original,1,Finished Airing,FALSE,PG-13 - Teens 13 or older,8.24,94451,372,1323,208731,2977,,"Action, Adventure, Award Winning, Drama, Fantasy, Romance",Madhouse
1142,Honey and Clover II,TV,Manga,12,Finished Airing,FALSE,PG-13 - Teens 13 or older,8.18,56426,455,2033,124243,958,2006,"Drama, Romance",J.C.Staff
1210,Welcome to the N.H.K.,TV,Novel,24,Finished Airing,FALSE,R+ - Mild Nudity,8.31,368998,305,266,826421,29866,2006,"Comedy, Drama, Romance",Gonzo
1365,Case Closed Movie 06: The Phantom of Baker Street,Movie,Manga,1,Finished Airing,FALSE,PG-13 - Teens 13 or older,8.29,50641,320,2621,85190,293,,"Adventure, Mystery",TMS Entertainment
1453,Maison Ikkoku,TV,Manga,96,Finished Airing,FALSE,R+ - Mild Nudity,8.2,21145,425,2673,82342,1906,1986,"Comedy, Drama, Romance",Studio Deen
1519,Black Lagoon: The Second Barrage,TV,Manga,12,Finished Airing,FALSE,R - 17+ (violence & profanity),8.17,339854,481,434,571279,3355,2006,Action,Madhouse
1535,Death Note,TV,Manga,37,Finished Airing,FALSE,R - 17+ (violence & profanity),8.62,2977869,97,2,4255809,184714,2006,"Supernatural, Suspense",Madhouse
1575,Code Geass: Lelouch of the Rebellion,TV,Original,25,Finished Airing,FALSE,R - 17+ (violence & profanity),8.71,1510181,58,22,2448711,116405,2006,"Award Winning, Drama, Sci-Fi",Sunrise
1698,Nodame Cantabile,TV,Manga,23,Finished Airing,FALSE,PG-13 - Teens 13 or older,8.25,134160,368,836,330999,4986,2007,"Comedy, Romance",J.C.Staff
1735,Naruto Shippuden,TV,Manga,500,Finished Airing,FALSE,PG-13 - Teens 13 or older,8.29,1807221,321,15,2721147,119705,2007,"Action, Adventure, Fantasy",Studio Pierrot
1842,Major S3,TV,Manga,26,Finished Airing,FALSE,PG-13 - Teens 13 or older,8.21,45669,419,2848,74165,353,2007,Sports,Studio Hibari
1889,Higurashi: When They Cry – Kai,TV,Visual novel,24,Finished Airing,FALSE,R - 17+ (violence & profanity),8.16,266741,490,488,518194,7642,2007,"Horror, Mystery, Suspense",Studio Deen
2001,Gurren Lagann,TV,Original,27,Finished Airing,FALSE,PG-13 - Teens 13 or older,8.64,969409,86,66,1751746,84462,2007,"Adventure, Award Winning, Sci-Fi",Gainax
2150,Moomin,TV,Book,78,Finished Airing,FALSE,G - All Ages,8.28,13827,339,4410,33010,857,1990,"Adventure, Fantasy, Slice of Life",Telescreen
2246,Mononoke,TV,Original,12,Finished Airing,FALSE,R - 17+ (violence & profanity),8.41,105189,222,746,364506,9220,2007,"Horror, Mystery, Supernatural, Suspense",Toei Animation
2251,Baccano!,TV,Light novel,13,Finished Airing,FALSE,R - 17+ (violence & profanity),8.35,397793,268,203,954481,23731,2007,"Action, Mystery, Supernatural",Brain's Base
2402,Tomorrow's Joe,TV,Manga,79,Finished Airing,FALSE,PG-13 - Teens 13 or older,8.36,29096,251,2196,111264,2409,1970,"Drama, Sports",Mushi Production
2418,Sword of the Stranger,Movie,Original,1,Finished Airing,FALSE,R - 17+ (violence & profanity),8.24,171907,375,766,352899,3051,,"Action, Adventure",Bones
2559,Romeo's Blue Skies,TV,Novel,33,Finished Airing,FALSE,PG-13 - Teens 13 or older,8.31,19097,306,3339,55692,695,1995,"Adventure, Drama",Nippon Animation
2685,Tsubasa RESERVoir CHRoNiCLE: Tokyo Revelations,OVA,Manga,3,Finished Airing,FALSE,R - 17+ (violence & profanity),8.26,46704,355,2351,101346,837,,"Action, Adventure, Drama, Fantasy, Romance",Production I.G
2904,Code Geass: Lelouch of the Rebellion R2,TV,Original,25,Finished Airing,FALSE,R - 17+ (violence & profanity),8.91,1287604,22,48,1936843,80801,2008,"Award Winning, Drama, Sci-Fi",Sunrise
2921,Tomorrow's Joe 2,TV,Manga,47,Finished Airing,FALSE,PG-13 - Teens 13 or older,8.78,25793,36,3034,66529,3331,1980,"Drama, Sports",Tokyo Movie Shinsha
2966,Spice and Wolf,TV,Light novel,13,Finished Airing,FALSE,PG-13 - Teens 13 or older,8.21,413330,420,244,866782,18275,2008,"Adventure, Drama, Romance, Supernatural",Imagin
3002,Kaiji: Ultimate Survivor,TV,Manga,26,Finished Airing,FALSE,R - 17+ (violence & profanity),8.26,177205,360,692,388951,10846,2007,Suspense,Madhouse
3091,xxxHOLiC◆Kei,TV,Manga,13,Finished Airing,FALSE,PG-13 - Teens 13 or older,8.2,70017,433,1708,154622,652,2008,"Comedy, Drama, Mystery, Supernatural",Production I.G
3226,Major S4,TV,Manga,26,Finished Airing,FALSE,PG-13 - Teens 13 or older,8.18,42850,461,2962,69469,195,2008,Sports,SynergySP
3297,Aria the Origination,TV,Manga,13,Finished Airing,FALSE,G - All Ages,8.47,34667,178,1838,141061,4289,2008,"Sci-Fi, Slice of Life",HAL Film Maker
3784,Evangelion: 2.0 You Can (Not) Advance,Movie,Original,1,Finished Airing,FALSE,R+ - Mild Nudity,8.29,363014,331,422,589122,3596,,"Drama, Sci-Fi, Suspense",Khara
3786,Evangelion: 3.0+1.0 Thrice Upon a Time,Movie,Original,1,Finished Airing,FALSE,PG-13 - Teens 13 or older,8.58,190141,114,631,420345,8243,,"Award Winning, Drama, Sci-Fi, Suspense",Khara
4081,Natsume's Book of Friends,TV,Manga,13,Finished Airing,FALSE,PG-13 - Teens 13 or older,8.3,198973,314,428,584803,16759,2008,"Slice of Life, Supernatural",Brain's Base
4107,Gurren Lagann The Movie: Childhood's End,Movie,Original,1,Finished Airing,FALSE,PG-13 - Teens 13 or older,8.17,89488,475,1433,191250,464,,Sci-Fi,Gainax
4181,Clannad: After Story,TV,Visual novel,24,Finished Airing,FALSE,PG-13 - Teens 13 or older,8.93,696465,18,123,1276967,73639,2008,"Drama, Romance",Kyoto Animation
4282,The Garden of Sinners Chapter 5: Paradox Spiral,Movie,Light novel,1,Finished Airing,FALSE,R - 17+ (violence & profanity),8.5,139088,162,1098,252629,4698,,"Action, Drama, Fantasy, Mystery, Romance, Suspense",ufotable
4565,Gurren Lagann The Movie: The Lights in the Sky are Stars,Movie,Original,1,Finished Airing,FALSE,R+ - Mild Nudity,8.61,112109,102,1180,236830,1207,,Sci-Fi,Gainax
4921,Ramayana: The Legend of Prince Rama,Movie,Other,1,Finished Airing,FALSE,G - All Ages,8.39,7155,229,6070,15120,226,,Adventure,Nippon Ramayana Film
5028,Major S5,TV,Manga,25,Finished Airing,FALSE,PG-13 - Teens 13 or older,8.39,43736,232,2811,75650,645,2009,Sports,SynergySP
5040,One Outs,TV,Manga,25,Finished Airing,FALSE,PG-13 - Teens 13 or older,8.32,122558,292,1084,255504,4243,2008,"Sports, Suspense",Madhouse
5081,Bakemonogatari,TV,Light novel,15,Finished Airing,FALSE,R - 17+ (violence & profanity),8.32,768282,296,98,1482391,51180,2009,"Mystery, Romance, Supernatural",Shaft
5114,Fullmetal Alchemist: Brotherhood,TV,Manga,64,Finished Airing,FALSE,R - 17+ (violence & profanity),9.11,2290193,3,3,3645704,240910,2009,"Action, Adventure, Drama, Fantasy",Bones
5205,The Garden of Sinners Chapter 7: A Study in Murder - Part 2,Movie,Light novel,1,Finished Airing,FALSE,R+ - Mild Nudity,8.36,118258,259,1274,218343,2356,,"Action, Fantasy, Mystery, Romance, Suspense",ufotable
5258,Fighting Spirit: New Challenger,TV,Manga,26,Finished Airing,FALSE,PG-13 - Teens 13 or older,8.67,187571,76,862,323074,1944,2009,Sports,Madhouse
5300,Natsume's Book of Friends Season 2,TV,Manga,13,Finished Airing,FALSE,PG-13 - Teens 13 or older,8.53,133808,145,1051,265538,1502,2009,"Slice of Life, Supernatural",Brain's Base
5341,Spice and Wolf II,TV,Light novel,12,Finished Airing,FALSE,PG-13 - Teens 13 or older,8.3,288804,315,485,519088,4310,2009,"Adventure, Drama, Romance, Supernatural","Brain's Base, Marvy Jack"
5420,The Beast Player Erin,TV,Novel,50,Finished Airing,FALSE,PG-13 - Teens 13 or older,8.29,22823,317,2457,93950,1532,2009,"Drama, Fantasy","Production I.G, Trans Arts"
5460,Detective Conan Movie 13: The Raven Chaser,Movie,Manga,1,Finished Airing,FALSE,PG-13 - Teens 13 or older,8.2,36414,427,3069,64900,81,,"Action, Mystery","Tokyo Movie Shinsha, TMS Entertainment"
5690,Nodame Cantabile Finale,TV,Manga,11,Finished Airing,FALSE,PG-13 - Teens 13 or older,8.22,71940,405,1931,133187,417,2010,"Comedy, Romance",J.C.Staff
5941,Cross Game,TV,Manga,50,Finished Airing,FALSE,PG-13 - Teens 13 or older,8.36,53548,253,1940,132324,3083,2009,"Drama, Romance, Sports",SynergySP
6114,Rainbow,TV,Manga,26,Finished Airing,FALSE,R - 17+ (violence & profanity),8.46,166451,180,626,422784,8650,2010,"Drama, Suspense",Madhouse
6594,Katanagatari,TV,Light novel,12,Finished Airing,FALSE,R - 17+ (violence & profanity),8.29,223125,316,421,591088,10935,2010,"Action, Adventure, Romance",White Fox
6675,Redline,Movie,Original,1,Finished Airing,FALSE,R+ - Mild Nudity,8.29,224191,322,628,422298,6232,,"Action, Sci-Fi",Madhouse
6811,InuYasha: The Final Act,TV,Manga,26,Finished Airing,FALSE,PG-13 - Teens 13 or older,8.2,152637,421,912,304336,2307,2009,"Action, Adventure, Fantasy, Romance",Sunrise
6864,xxxHOLiC Rou,OVA,Manga,2,Finished Airing,FALSE,PG-13 - Teens 13 or older,8.18,34356,451,2603,85884,195,,"Drama, Mystery, Supernatural",Production I.G
6945,Gintama: Jump Festa 2008 Special,Special,Manga,1,Finished Airing,FALSE,PG-13 - Teens 13 or older,8.35,36636,271,2821,75127,92,,"Action, Comedy, Sci-Fi",Sunrise
7311,The Disappearance of Haruhi Suzumiya,Movie,Light novel,1,Finished Airing,FALSE,PG-13 - Teens 13 or older,8.59,327776,112,376,645985,14197,,"Award Winning, Mystery, Sci-Fi, Supernatural",Kyoto Animation
7472,Gintama: The Movie,Movie,Manga,1,Finished Airing,FALSE,R - 17+ (violence & profanity),8.52,101731,150,1547,176537,638,,"Action, Comedy, Sci-Fi",Sunrise
7655,Major S6,TV,Manga,25,Finished Airing,FALSE,PG-13 - Teens 13 or older,8.31,38924,303,3014,67138,476,2010,Sports,SynergySP
7674,Bakuman.,TV,Manga,25,Finished Airing,FALSE,PG-13 - Teens 13 or older,8.17,309896,479,371,654594,9645,2010,"Comedy, Drama, Romance",J.C.Staff
7785,The Tatami Galaxy,TV,Novel,11,Finished Airing,FALSE,R - 17+ (violence & profanity),8.55,155949,134,519,491230,19095,2010,"Award Winning, Comedy, Mystery, Romance, Suspense",Madhouse
7791,K-ON! Season 2,TV,4-koma manga,26,Finished Airing,FALSE,PG-13 - Teens 13 or older,8.18,411363,458,305,748024,15234,2010,"Award Winning, Comedy",Kyoto Animation
9253,Steins;Gate,TV,Visual novel,24,Finished Airing,FALSE,PG-13 - Teens 13 or older,9.07,1508032,5,14,2786505,201170,2011,"Drama, Sci-Fi, Suspense",White Fox
9260,Kizumonogatari Part 1: Iron-Blooded,Movie,Light novel,1,Finished Airing,FALSE,R - 17+ (violence & profanity),8.36,310232,262,432,576409,3948,,"Action, Mystery, Supernatural",Shaft
9617,K-ON! The Movie,Movie,4-koma manga,1,Finished Airing,FALSE,PG-13 - Teens 13 or older,8.36,208327,258,763,353402,3011,,"Award Winning, Comedy",Kyoto Animation
9735,Gintama: Shinyaku Benizakura-hen,Special,Manga,1,Finished Airing,FALSE,PG-13 - Teens 13 or older,8.27,20941,345,3659,47473,55,,"Action, Comedy, Sci-Fi",Sunrise
9756,Puella Magi Madoka Magica,TV,Original,12,Finished Airing,FALSE,PG-13 - Teens 13 or older,8.38,811242,236,104,1398227,59912,2011,"Award Winning, Drama, Suspense",Shaft
9863,SKET Dance,TV,Manga,77,Finished Airing,FALSE,PG-13 - Teens 13 or older,8.2,88268,430,1177,237422,3275,2011,Comedy,Tatsunoko Production
9969,Gintama Season 2,TV,Manga,51,Finished Airing,FALSE,PG-13 - Teens 13 or older,9.02,255654,11,406,608363,8569,2011,"Action, Comedy, Sci-Fi",Sunrise
9989,Anohana: The Flower We Saw That Day,TV,Original,11,Finished Airing,FALSE,PG-13 - Teens 13 or older,8.29,1030850,329,74,1699123,33110,2011,"Drama, Supernatural",A-1 Pictures
10030,Bakuman. Season 2,TV,Manga,25,Finished Airing,FALSE,PG-13 - Teens 13 or older,8.33,221457,283,735,370733,1375,2011,"Comedy, Drama, Romance",J.C.Staff
10087,Fate/Zero,TV,Light novel,13,Finished Airing,FALSE,R - 17+ (violence & profanity),8.26,909024,359,83,1594038,34400,2011,"Action, Fantasy",ufotable
10162,Bunny Drop,TV,Manga,11,Finished Airing,FALSE,PG-13 - Teens 13 or older,8.32,254527,294,479,522996,6036,2011,Slice of Life,Production I.G
10165,Nichijou - My Ordinary Life,TV,Manga,26,Finished Airing,FALSE,PG-13 - Teens 13 or older,8.47,398852,176,196,975662,25532,2011,Comedy,Kyoto Animation
10271,Kaiji: Against All Rules,TV,Manga,26,Finished Airing,FALSE,R - 17+ (violence & profanity),8.24,116857,379,1302,212469,3010,2011,Suspense,Madhouse
10379,Natsume's Book of Friends Season 3,TV,Manga,13,Finished Airing,FALSE,PG-13 - Teens 13 or older,8.56,126455,126,1031,271088,1500,2011,"Slice of Life, Supernatural",Brain's Base
10408,Into the Forest of Fireflies' Light,Movie,Manga,1,Finished Airing,FALSE,G - All Ages,8.26,485413,361,242,874207,10550,,"Award Winning, Drama, Romance, Supernatural",Brain's Base
10534,Doraemon: Nobita and the Steel Troops - The New Age,Movie,Manga,1,Finished Airing,FALSE,PG - Children,8.33,14260,284,5248,22157,177,,"Adventure, Comedy, Fantasy",Shin-Ei Animation
10800,Chihayafuru,TV,Manga,25,Finished Airing,FALSE,PG-13 - Teens 13 or older,8.17,194275,483,516,493485,8385,2011,"Drama, Romance, Sports",Madhouse
10863,Steins;Gate: Egoistic Poriomania,Special,Visual novel,1,Finished Airing,FALSE,PG-13 - Teens 13 or older,8.29,294905,324,546,471106,888,,"Comedy, Sci-Fi",White Fox
10937,Mobile Suit Gundam: The Origin,OVA,Manga,6,Finished Airing,FALSE,R+ - Mild Nudity,8.32,36072,289,2636,83882,973,,Sci-Fi,Sunrise
11061,Hunter x Hunter,TV,Manga,148,Finished Airing,FALSE,PG-13 - Teens 13 or older,9.03,1957682,9,8,3151639,227808,2011,"Action, Adventure, Fantasy",Madhouse
11577,Steins;Gate: The Movie - Load Region of Déjà Vu,Movie,Visual novel,1,Finished Airing,FALSE,PG-13 - Teens 13 or older,8.45,380342,191,383,638329,2826,,"Drama, Sci-Fi",White Fox
11665,Natsume's Book of Friends Season 4,TV,Manga,13,Finished Airing,FALSE,PG-13 - Teens 13 or older,8.63,117079,91,1055,264822,2109,2012,"Slice of Life, Supernatural",Brain's Base
11741,Fate/Zero Season 2,TV,Light novel,12,Finished Airing,FALSE,R - 17+ (violence & profanity),8.54,752842,140,140,1188580,20678,2012,"Action, Fantasy",ufotable
11843,Daily Lives of High School Boys,TV,Web manga,12,Finished Airing,FALSE,PG-13 - Teens 13 or older,8.23,439980,395,236,880603,14849,2012,Comedy,Sunrise
11917,Major: World Series,OVA,Manga,2,Finished Airing,FALSE,PG-13 - Teens 13 or older,8.28,22082,336,4011,40050,102,,Sports,SynergySP
11977,Puella Magi Madoka Magica the Movie Part 1: Beginnings,Movie,Original,1,Finished Airing,FALSE,PG-13 - Teens 13 or older,8.22,107813,403,1289,215420,983,,"Drama, Suspense",Shaft
11979,Puella Magi Madoka Magica the Movie Part 2: Eternal,Movie,Original,1,Finished Airing,FALSE,PG-13 - Teens 13 or older,8.38,107672,237,1269,219048,1105,,"Drama, Suspense",Shaft
11981,Puella Magi Madoka Magica the Movie: Rebellion,Movie,Original,1,Finished Airing,FALSE,PG-13 - Teens 13 or older,8.5,247644,163,638,417257,9688,,"Award Winning, Drama, Suspense",Shaft
12029,Star Blazers: Space Battleship Yamato 2199,OVA,Original,26,Finished Airing,FALSE,PG-13 - Teens 13 or older,8.31,41712,308,2017,125228,1926,,"Action, Drama, Sci-Fi","Xebec, AIC"
12115,Berserk: The Golden Age Arc III - The Advent,Movie,Manga,1,Finished Airing,FALSE,R+ - Mild Nudity,8.21,152554,414,1139,245460,1688,,"Action, Adventure, Drama, Fantasy, Horror",Studio 4°C
12355,Wolf Children,Movie,Original,1,Finished Airing,FALSE,PG-13 - Teens 13 or older,8.56,483940,127,246,863138,11839,,"Award Winning, Slice of Life, Supernatural",Studio Chizu
12365,Bakuman. Season 3,TV,Manga,25,Finished Airing,FALSE,PG-13 - Teens 13 or older,8.52,202961,148,784,346845,2948,2012,"Comedy, Drama, Romance",J.C.Staff
12431,Space Brothers,TV,Manga,99,Finished Airing,FALSE,PG-13 - Teens 13 or older,8.48,55804,173,1319,209572,3946,2012,Comedy,A-1 Pictures
12531,Kids on the Slope,TV,Manga,12,Finished Airing,FALSE,PG-13 - Teens 13 or older,8.29,181919,323,645,413887,7318,2012,"Drama, Romance","Tezuka Productions, MAPPA"
13125,From the New World,TV,Novel,25,Finished Airing,FALSE,R - 17+ (violence & profanity),8.24,288692,373,270,818483,22410,2012,"Drama, Fantasy, Horror, Mystery, Sci-Fi, Suspense",A-1 Pictures
13601,Psycho-Pass,TV,Original,22,Finished Airing,FALSE,R - 17+ (violence & profanity),8.33,827242,288,70,1739300,40231,2012,"Action, Mystery, Sci-Fi, Suspense",Production I.G
14397,Chihayafuru 2,TV,Manga,25,Finished Airing,FALSE,PG-13 - Teens 13 or older,8.37,137833,244,1106,251727,1659,2013,"Drama, Romance, Sports",Madhouse
15227,In This Corner of the World,Movie,Manga,1,Finished Airing,FALSE,PG-13 - Teens 13 or older,8.23,84099,389,1331,207377,1701,,"Award Winning, Drama",MAPPA
15335,Gintama: The Movie: The Final Chapter: Be Forever Yorozuya,Movie,Manga,1,Finished Airing,FALSE,PG-13 - Teens 13 or older,8.89,144089,24,1066,260899,2150,,"Action, Comedy, Sci-Fi",Sunrise
15417,Gintama: Enchousen,TV,Manga,13,Finished Airing,FALSE,PG-13 - Teens 13 or older,9.02,178235,12,759,355531,3168,2012,"Action, Comedy, Sci-Fi",Sunrise
16498,Attack on Titan,TV,Manga,25,Finished Airing,FALSE,R - 17+ (violence & profanity),8.57,3038808,121,1,4316356,187384,2013,"Action, Award Winning, Drama, Suspense",Wit Studio
16664,The Tale of the Princess Kaguya,Movie,Other,1,Finished Airing,FALSE,R+ - Mild Nudity,8.22,135330,401,1071,259129,3016,,"Award Winning, Fantasy",Studio Ghibli
16894,Kuroko's Basketball 2,TV,Manga,25,Finished Airing,FALSE,PG-13 - Teens 13 or older,8.2,584668,423,218,921849,4418,2013,Sports,Production I.G
17074,Monogatari Series: Second Season,TV,Light novel,26,Finished Airing,FALSE,R - 17+ (violence & profanity),8.76,378454,46,326,714864,24261,2013,"Comedy, Mystery, Romance, Supernatural",Shaft
17389,Kingdom Season 2,TV,Manga,39,Finished Airing,FALSE,R - 17+ (violence & profanity),8.29,73798,318,1767,148733,956,2013,Action,Studio Pierrot
18115,Magi: The Kingdom of Magic,TV,Manga,25,Finished Airing,FALSE,PG-13 - Teens 13 or older,8.2,482031,424,231,893578,7816,2013,"Action, Adventure, Fantasy",A-1 Pictures
18195,Little Busters! ~Refrain~,TV,Visual novel,13,Finished Airing,FALSE,PG-13 - Teens 13 or older,8.17,81119,469,1549,176151,2152,2013,"Comedy, Drama, Romance",J.C.Staff
18617,Girls und Panzer der Film,Movie,Original,1,Finished Airing,FALSE,PG-13 - Teens 13 or older,8.19,64242,441,1967,129742,1496,,"Action, Award Winning",Actas
19123,One Piece: Episode of Merry - The Tale of One More Friend,TV Special,Manga,1,Finished Airing,FALSE,PG-13 - Teens 13 or older,8.19,34631,444,2711,80603,80,,"Action, Adventure, Fantasy",Toei Animation
19363,Silver Spoon 2nd Season,TV,Manga,11,Finished Airing,FALSE,PG-13 - Teens 13 or older,8.27,94373,345,1709,154588,695,2014,Comedy,A-1 Pictures
19647,Fighting Spirit: Rising,TV,Manga,25,Finished Airing,FALSE,PG-13 - Teens 13 or older,8.61,162246,101,932,295707,1421,2013,Sports,"Madhouse, MAPPA"
20583,Haikyu!!,TV,Manga,25,Finished Airing,FALSE,PG-13 - Teens 13 or older,8.43,1336872,203,36,2154348,78098,2014,Sports,Production I.G
20651,Natsume’s Book of Friends: On a Certain Snowy Day,OVA,Manga,1,Finished Airing,FALSE,PG-13 - Teens 13 or older,8.33,38782,287,2587,86685,116,,"Slice of Life, Supernatural",Brain's Base
21329,Mushi-shi: The Shadow that Devours the Sun,TV Special,Manga,1,Finished Airing,FALSE,PG-13 - Teens 13 or older,8.52,72889,153,1728,152408,214,,"Adventure, Mystery, Slice of Life, Supernatural",Artland
21899,Gintama: Yorinuki Gintama-san on Theater 2D,Movie,Manga,2,Finished Airing,FALSE,PG-13 - Teens 13 or older,8.42,18271,206,3610,48521,45,,"Action, Comedy, Sci-Fi",Sunrise
21939,Mushi-shi: Next Passage Part 1,TV,Manga,10,Finished Airing,FALSE,PG-13 - Teens 13 or older,8.68,127694,73,854,324907,1643,2014,"Adventure, Mystery, Slice of Life, Supernatural",Artland
22135,Ping Pong the Animation,TV,Manga,11,Finished Airing,FALSE,PG-13 - Teens 13 or older,8.63,202624,93,602,435832,17356,2014,"Award Winning, Drama, Sports",Tatsunoko Production
22297,Fate/stay night [Unlimited Blade Works],TV,Visual novel,12,Finished Airing,FALSE,R - 17+ (violence & profanity),8.18,725742,454,142,1165893,17327,2014,"Action, Fantasy",ufotable
22507,Initial D Final Stage,TV,Manga,4,Finished Airing,FALSE,PG-13 - Teens 13 or older,8.3,84732,313,1627,165237,1049,2014,"Action, Drama",SynergySP
22535,Parasyte: The Maxim,TV,Manga,24,Finished Airing,FALSE,R - 17+ (violence & profanity),8.32,1244402,290,43,2025454,36640,2014,"Action, Horror, Sci-Fi, Suspense",Madhouse
22789,Barakamon,TV,Web manga,12,Finished Airing,FALSE,PG-13 - Teens 13 or older,8.36,360433,252,330,709475,13429,2014,Slice of Life,Kinema Citrus
23273,Your Lie in April,TV,Manga,22,Finished Airing,FALSE,PG-13 - Teens 13 or older,8.64,1456879,83,24,2399272,89631,2014,"Drama, Romance",A-1 Pictures
23327,Space Dandy 2nd Season,TV,Original,13,Finished Airing,FALSE,PG-13 - Teens 13 or older,8.26,95583,353,1507,181700,1941,2014,"Comedy, Sci-Fi",Bones
23623,Non Non Biyori Repeat,TV,Manga,12,Finished Airing,FALSE,PG-13 - Teens 13 or older,8.17,106980,472,1299,212850,1267,2015,Slice of Life,SILVER LINK.
23847,My Teen Romantic Comedy SNAFU TOO!,TV,Light novel,13,Finished Airing,FALSE,PG-13 - Teens 13 or older,8.2,741734,434,145,1152638,16180,2015,"Comedy, Romance",feel.
24415,Kuroko's Basketball 3,TV,Manga,25,Finished Airing,FALSE,PG-13 - Teens 13 or older,8.29,509680,319,267,825853,5221,2015,Sports,Production I.G
24687,Mushi-shi Path of Thorns,TV Special,Manga,1,Finished Airing,FALSE,PG-13 - Teens 13 or older,8.42,53812,210,2206,110449,128,,"Adventure, Mystery, Slice of Life, Supernatural",Artland
24701,Mushi-shi: Next Passage Part 2,TV,Manga,10,Finished Airing,FALSE,PG-13 - Teens 13 or older,8.72,115944,54,947,291000,1580,2014,"Adventure, Mystery, Slice of Life, Supernatural",Artland
25681,Kamisama Kiss Season 2,TV,Manga,12,Finished Airing,FALSE,PG-13 - Teens 13 or older,8.24,247192,381,555,464997,3842,2015,"Comedy, Romance, Supernatural",TMS Entertainment
25777,Attack on Titan Season 2,TV,Manga,12,Finished Airing,FALSE,R - 17+ (violence & profanity),8.54,2045334,142,12,2989308,22967,2017,"Action, Drama, Suspense",Wit Studio
25781,Attack on Titan: No Regrets,OVA,Visual novel,2,Finished Airing,FALSE,R - 17+ (violence & profanity),8.42,333940,213,439,560481,2033,,Action,Wit Studio
25835,Shirobako,TV,Original,24,Finished Airing,FALSE,PG-13 - Teens 13 or older,8.26,149149,351,551,469029,6249,2014,"Award Winning, Comedy, Drama",P.A. Works
26055,JoJo's Bizarre Adventure: Stardust Crusaders - Battle in Egypt,TV,Manga,24,Finished Airing,FALSE,R - 17+ (violence & profanity),8.44,872887,192,133,1232901,22013,2015,"Action, Adventure",David Production
28701,Fate/stay night [Unlimited Blade Works] Season 2,TV,Visual novel,13,Finished Airing,FALSE,R - 17+ (violence & profanity),8.32,601663,297,220,915246,9629,2015,"Action, Fantasy",ufotable
28735,Showa Genroku Rakugo Shinju,TV,Manga,13,Finished Airing,FALSE,PG-13 - Teens 13 or older,8.54,99307,143,894,312722,5990,2016,Drama,Studio Deen
28805,The Boy and the Beast,Movie,Original,1,Finished Airing,FALSE,PG-13 - Teens 13 or older,8.22,238943,395,573,453059,3253,,Fantasy,Studio Chizu
28851,A Silent Voice,Movie,Manga,1,Finished Airing,FALSE,PG-13 - Teens 13 or older,8.93,1779834,20,19,2585197,95435,,"Award Winning, Drama",Kyoto Animation
28891,Haikyu!! 2nd Season,TV,Manga,25,Finished Airing,FALSE,PG-13 - Teens 13 or older,8.62,1020909,98,85,1554983,16099,2015,Sports,Production I.G
28957,Mushi-Shi: The Next Chapter - Drops of Bells,Movie,Manga,1,Finished Airing,FALSE,PG-13 - Teens 13 or older,8.58,55839,117,1849,140186,236,,"Adventure, Mystery, Slice of Life, Supernatural",Artland
28977,Gintama Season 4,TV,Manga,51,Finished Airing,FALSE,PG-13 - Teens 13 or older,9.05,270734,8,348,686377,17445,2015,"Action, Comedy, Sci-Fi",Bandai Namco Pictures
30230,Ace of Diamond: Second Season,TV,Manga,51,Finished Airing,FALSE,PG-13 - Teens 13 or older,8.31,82395,301,1751,149645,1122,2015,Sports,"Production I.G, Madhouse"
30276,One-Punch Man,TV,Web manga,12,Finished Airing,FALSE,R - 17+ (violence & profanity),8.48,2405629,171,4,3491486,66358,2015,"Action, Comedy",Madhouse
30346,Doukyusei: Classmates,Movie,Manga,1,Finished Airing,FALSE,PG-13 - Teens 13 or older,8.27,157533,343,936,294141,6586,,Boys Love,A-1 Pictures
30484,Steins;Gate 0,TV,Visual novel,23,Finished Airing,FALSE,PG-13 - Teens 13 or older,8.55,469986,133,207,947491,12729,2018,"Drama, Sci-Fi, Suspense",White Fox
30654,Assassination Classroom Second Season,TV,Manga,25,Finished Airing,FALSE,PG-13 - Teens 13 or older,8.47,966369,177,84,1556262,17922,2016,"Action, Comedy",Lerche
30709,Kamisama Hajimemashita: Kako-hen,OVA,Manga,4,Finished Airing,FALSE,PG-13 - Teens 13 or older,8.4,90808,224,1485,183798,1117,,"Comedy, Romance, Supernatural",TMS Entertainment
31043,Erased,TV,Manga,12,Finished Airing,FALSE,R - 17+ (violence & profanity),8.3,1468685,311,29,2274843,51030,2016,"Mystery, Suspense",A-1 Pictures
31181,Owarimonogatari,TV,Light novel,12,Finished Airing,FALSE,R - 17+ (violence & profanity),8.45,250375,186,501,507964,3026,2015,"Comedy, Mystery, Supernatural",Shaft
31240,Re:ZERO -Starting Life in Another World-,TV,Light novel,25,Finished Airing,FALSE,R - 17+ (violence & profanity),8.24,1551155,371,23,2429879,75115,2016,"Drama, Fantasy, Suspense",White Fox
31646,March Comes In Like a Lion,TV,Manga,22,Finished Airing,FALSE,PG-13 - Teens 13 or older,8.37,299391,243,317,729509,16377,2016,Drama,Shaft
31757,Kizumonogatari Part 2: Hot-Blooded,Movie,Light novel,1,Finished Airing,FALSE,R - 17+ (violence & profanity),8.56,294228,124,530,484900,2478,,"Action, Mystery, Supernatural",Shaft
31758,Kizumonogatari Part 3: Cold-Blooded,Movie,Light novel,1,Finished Airing,FALSE,R - 17+ (violence & profanity),8.78,296044,40,499,508551,8162,,"Action, Mystery, Supernatural",Shaft
31812,Black Butler: Book of the Atlantic,Movie,Manga,1,Finished Airing,FALSE,R - 17+ (violence & profanity),8.24,104277,384,1236,224489,1660,,"Action, Mystery, Supernatural",A-1 Pictures
31933,JoJo's Bizarre Adventure: Diamond Is Unbreakable,TV,Manga,39,Finished Airing,FALSE,R - 17+ (violence & profanity),8.5,864892,161,129,1251800,43272,2016,"Action, Adventure",David Production
31988,Sound! Euphonium 2,TV,Novel,13,Finished Airing,FALSE,PG-13 - Teens 13 or older,8.34,135390,277,1085,255408,3831,2016,Drama,Kyoto Animation
32005,Detective Conan Movie 20: The Darkest Nightmare,Movie,Manga,1,Finished Airing,FALSE,G - All Ages,8.18,26026,463,3684,46895,105,,"Action, Mystery",TMS Entertainment
32182,Mob Psycho 100,TV,Web manga,12,Finished Airing,FALSE,PG-13 - Teens 13 or older,8.49,1407937,169,28,2296137,53990,2016,"Action, Comedy, Supernatural",Bones
32188,Steins;Gate: Open the Missing Link - Divide By Zero,TV Special,Visual novel,1,Finished Airing,FALSE,PG-13 - Teens 13 or older,8.26,160539,353,963,287358,476,,"Sci-Fi, Suspense",White Fox
32281,Your Name.,Movie,Original,1,Finished Airing,FALSE,PG-13 - Teens 13 or older,8.83,2065939,33,11,2999028,95056,,"Award Winning, Drama",CoMix Wave Films
32366,Gintama: Love Incense Arc,OVA,Manga,2,Finished Airing,FALSE,PG-13 - Teens 13 or older,8.38,48857,242,2487,92541,144,,Comedy,Bandai Namco Pictures
32843,Symphogear XV,TV,Original,13,Finished Airing,FALSE,PG-13 - Teens 13 or older,8.19,15810,446,3835,43869,915,2019,"Action, Sci-Fi",Satelight
32867,Bungo Stray Dogs 2,TV,Manga,12,Finished Airing,FALSE,R - 17+ (violence & profanity),8.16,540896,489,209,946655,6855,2016,"Action, Mystery",Bones
32935,Haikyu!! 3rd Season,TV,Manga,10,Finished Airing,FALSE,PG-13 - Teens 13 or older,8.77,868098,42,117,1316896,15969,2016,Sports,Production I.G
32937,KonoSuba: God's Blessing on This Wonderful World! 2,TV,Light novel,10,Finished Airing,FALSE,PG-13 - Teens 13 or older,8.24,1085402,382,77,1640935,11978,2017,"Adventure, Comedy, Fantasy",Studio Deen
32983,Natsume's Book of Friends Season 5,TV,Manga,11,Finished Airing,FALSE,PG-13 - Teens 13 or older,8.56,83243,125,1349,204647,901,2016,"Slice of Life, Supernatural",Shuka
33049,Fate/stay night: Heaven's Feel - II. Lost Butterfly,Movie,Visual novel,1,Finished Airing,FALSE,R - 17+ (violence & profanity),8.46,257491,179,608,433797,3556,,"Action, Fantasy",ufotable
33050,Fate/stay night: Heaven's Feel - III. Spring Song,Movie,Visual novel,1,Finished Airing,FALSE,R - 17+ (violence & profanity),8.63,219526,89,670,402320,8482,,"Action, Fantasy",ufotable
33051,Mobile Suit Gundam: Iron-Blooded Orphans 2nd Season,TV,Original,25,Finished Airing,FALSE,R - 17+ (violence & profanity),8.23,89408,387,1665,159688,1744,2016,"Drama, Sci-Fi",Sunrise
33095,Descending Stories: Showa Genroku Rakugo Shinju,TV,Manga,12,Finished Airing,FALSE,PG-13 - Teens 13 or older,8.69,69579,67,1373,201093,3239,2017,Drama,Studio Deen
33255,The Disastrous Life of Saiki K.,TV,Manga,120,Finished Airing,FALSE,PG-13 - Teens 13 or older,8.41,692145,218,130,1238800,33591,2016,Comedy,"J.C.Staff, Egg Firm"
33323,"Kamisama Hajimemashita: Kamisama, Shiawase ni Naru",OVA,Manga,1,Finished Airing,FALSE,PG-13 - Teens 13 or older,8.17,36775,468,2870,73162,211,,"Comedy, Romance, Supernatural",TMS Entertainment
33352,Violet Evergarden,TV,Light novel,13,Finished Airing,FALSE,PG-13 - Teens 13 or older,8.69,1080658,69,46,1976744,68588,2018,Drama,Kyoto Animation
33674,"No Game, No Life: Zero",Movie,Light novel,1,Finished Airing,FALSE,PG-13 - Teens 13 or older,8.16,506905,493,210,943540,7971,,"Drama, Fantasy, Romance",Madhouse
34036,Detective Conan: Episode One - The Great Detective Turned Small,TV Special,Manga,1,Finished Airing,FALSE,PG-13 - Teens 13 or older,8.24,16499,384,4334,34380,67,,"Adventure, Comedy, Mystery",TMS Entertainment
34096,Gintama Season 5,TV,Manga,12,Finished Airing,FALSE,PG-13 - Teens 13 or older,8.98,158957,15,791,345872,2830,2017,"Action, Comedy, Sci-Fi",Bandai Namco Pictures
34240,Shelter,Music,Original,1,Finished Airing,FALSE,G - All Ages,8.31,220091,,845,327924,2418,,Sci-Fi,A-1 Pictures
34534,Natsume's Book of Friends Season 5 Specials,Special,Manga,2,Finished Airing,FALSE,PG-13 - Teens 13 or older,8.31,24278,304,3471,52198,68,,"Slice of Life, Supernatural",Shuka
34537,"Night Is Short, Walk on Girl",Movie,Novel,1,Finished Airing,FALSE,R+ - Mild Nudity,8.17,57162,477,1845,140496,1847,,"Comedy, Romance",Science SARU
34591,Natsume's Book of Friends Season 6,TV,Manga,11,Finished Airing,FALSE,PG-13 - Teens 13 or older,8.61,75990,106,1348,204675,1157,2017,"Slice of Life, Supernatural",Shuka
34599,Made in Abyss,TV,Web manga,13,Finished Airing,FALSE,R - 17+ (violence & profanity),8.63,830234,90,91,1537002,47563,2017,"Adventure, Drama, Fantasy, Mystery, Sci-Fi",Kinema Citrus
34612,The Disastrous Life of Saiki K. 2,TV,Manga,24,Finished Airing,FALSE,PG-13 - Teens 13 or older,8.41,427237,219,327,714463,4442,2018,Comedy,"J.C.Staff, Egg Firm"
34636,Welcome to the Ballroom,TV,Manga,24,Finished Airing,FALSE,PG-13 - Teens 13 or older,8.17,159607,480,752,360956,3763,2017,Sports,Production I.G
34798,Laid-Back Camp,TV,Manga,12,Finished Airing,FALSE,PG-13 - Teens 13 or older,8.26,238324,356,462,538555,11936,2018,Slice of Life,C-Station
35110,Haikyu!! The Movie: Talent and Sense,Movie,Manga,1,Finished Airing,FALSE,PG-13 - Teens 13 or older,8.21,43816,418,2238,107818,108,,Sports,Production I.G
35111,Haikyu!! The Movie: Battle of Concepts,Movie,Manga,1,Finished Airing,FALSE,PG-13 - Teens 13 or older,8.27,42047,346,2299,104356,92,,Sports,Production I.G
35180,March Comes In Like a Lion 2nd Season,TV,Manga,22,Finished Airing,FALSE,PG-13 - Teens 13 or older,8.9,214062,23,603,435562,15394,2017,Drama,Shaft
35247,Owarimonogatari Second Season,TV Special,Light novel,7,Finished Airing,FALSE,R - 17+ (violence & profanity),8.86,208909,27,607,434021,9113,,"Comedy, Mystery, Supernatural",Shaft
35466,ReLIFE: Final Arc,Special,Web manga,4,Finished Airing,FALSE,PG-13 - Teens 13 or older,8.21,263993,409,591,442991,2112,,"Drama, Romance",TMS Entertainment
35557,Land of the Lustrous,TV,Manga,12,Finished Airing,FALSE,PG-13 - Teens 13 or older,8.39,218154,230,493,513746,14931,2017,"Action, Drama, Fantasy, Mystery",Orange
35677,Liz and the Blue Bird,Movie,Novel,1,Finished Airing,FALSE,PG-13 - Teens 13 or older,8.22,66129,402,1652,161445,3131,,"Award Winning, Drama",Kyoto Animation
35737,Pluto,ONA,Manga,8,Finished Airing,FALSE,PG-13 - Teens 13 or older,8.44,108190,193,1140,244883,3298,,"Action, Mystery, Sci-Fi, Suspense",Studio M2
35760,Attack on Titan Season 3,TV,Manga,12,Finished Airing,FALSE,R - 17+ (violence & profanity),8.64,1791064,85,18,2635043,22272,2018,"Action, Drama, Suspense",Wit Studio
35838,Girls' Last Tour,TV,Web manga,12,Finished Airing,FALSE,PG-13 - Teens 13 or older,8.24,149864,374,674,397346,8529,2017,"Adventure, Mystery, Sci-Fi, Slice of Life",White Fox
35839,A Place Further Than The Universe,TV,Original,13,Finished Airing,FALSE,PG-13 - Teens 13 or older,8.5,234933,165,454,550165,14778,2018,"Adventure, Comedy, Drama",Madhouse
35843,Gintama. Slip Arc,TV,Manga,13,Finished Airing,FALSE,PG-13 - Teens 13 or older,8.51,111974,159,1259,220725,956,2017,"Action, Comedy, Sci-Fi",Bandai Namco Pictures
35851,Maquia: When the Promised Flower Blooms,Movie,Original,1,Finished Airing,FALSE,PG-13 - Teens 13 or older,8.4,215212,227,522,489180,8460,,"Drama, Fantasy",P.A. Works
36098,I Want To Eat Your Pancreas,Movie,Novel,1,Finished Airing,FALSE,PG-13 - Teens 13 or older,8.55,659610,137,161,1102245,23118,,"Drama, Romance",Studio VOLN
36275,Natsume's Book of Friends Season 6 Specials,Special,Manga,2,Finished Airing,FALSE,PG-13 - Teens 13 or older,8.4,24217,226,3421,53656,81,,"Slice of Life, Supernatural",Shuka
36370,Legend of the Galactic Heroes: Die Neue These - Stellar War Part 2,Movie,Novel,4,Finished Airing,FALSE,R - 17+ (violence & profanity),8.18,14977,455,3976,41023,61,,"Drama, Sci-Fi",Production I.G
36371,Legend of the Galactic Heroes: Die Neue These - Stellar War Part 3,Movie,Novel,4,Finished Airing,FALSE,R - 17+ (violence & profanity),8.28,14910,334,4603,30208,111,,"Drama, Sci-Fi",Production I.G
36538,Natsume's Book of Friends Movie: Ephemeral Bond,Movie,Manga,1,Finished Airing,FALSE,PG-13 - Teens 13 or older,8.42,30665,211,2648,83433,228,,"Slice of Life, Supernatural",Shuka
36649,Banana Fish,TV,Manga,24,Finished Airing,FALSE,R - 17+ (violence & profanity),8.45,411076,187,202,954750,31969,2018,"Action, Adventure, Drama, Suspense",MAPPA
36838,Gintama. Silver Soul Arc,TV,Manga,12,Finished Airing,FALSE,PG-13 - Teens 13 or older,8.81,115192,35,1183,236034,1234,2018,"Action, Comedy, Sci-Fi",Bandai Namco Pictures
36862,Made in Abyss: Dawn of the Deep Soul,Movie,Web manga,1,Finished Airing,FALSE,R - 17+ (violence & profanity),8.6,301373,107,468,531811,3963,,"Adventure, Drama, Fantasy, Mystery, Sci-Fi",Kinema Citrus
36885,Saekano the Movie: Finale,Movie,Light novel,1,Finished Airing,FALSE,PG-13 - Teens 13 or older,8.41,93985,217,1355,203422,2768,,"Comedy, Romance",CloverWorks
36946,Dragon Ball Super: Broly,Movie,Manga,1,Finished Airing,FALSE,PG-13 - Teens 13 or older,8.2,320897,437,556,463551,3556,,"Action, Adventure, Fantasy",Toei Animation
36990,Non Non Biyori Movie: Vacation,Movie,Manga,1,Finished Airing,FALSE,PG-13 - Teens 13 or older,8.23,40967,391,2600,85977,220,,Slice of Life,SILVER LINK.
36999,Zoku Owarimonogatari,TV,Light novel,6,Finished Airing,FALSE,R - 17+ (violence & profanity),8.43,120623,197,1112,250617,1064,2019,"Comedy, Mystery, Supernatural",Shaft
37055,Saga of Tanya the Evil: The Movie,Movie,Light novel,1,Finished Airing,FALSE,R - 17+ (violence & profanity),8.23,173117,393,855,324811,1249,,"Action, Fantasy",Nut
37078,The King's Avatar (2018),ONA,Web novel,3,Finished Airing,FALSE,PG-13 - Teens 13 or older,8.19,57522,445,2181,112543,348,,Action,Colored Pencil Animation
37095,"Violet Evergarden: The Day You Understand ""I Love You"" Will Surely Come",Special,Light novel,1,Finished Airing,FALSE,PG-13 - Teens 13 or older,8.35,220536,266,739,368423,980,,Drama,Kyoto Animation
37105,Grand Blue Dreaming,TV,Manga,12,Finished Airing,FALSE,PG-13 - Teens 13 or older,8.45,478026,190,230,894716,22397,2018,Comedy,Zero-G
37171,Asobi Asobase: Workshop of Fun,TV,Manga,12,Finished Airing,FALSE,PG-13 - Teens 13 or older,8.19,249863,439,470,530756,7321,2018,Comedy,Lerche
37208,The Master of Diabolism,ONA,Web novel,15,Finished Airing,FALSE,R - 17+ (violence & profanity),8.46,88385,184,1092,254229,7170,,"Action, Adventure, Drama, Fantasy, Mystery",B.CMAY PICTURES
37379,Chihayafuru 3,TV,Manga,24,Finished Airing,FALSE,PG-13 - Teens 13 or older,8.45,70454,188,1693,156129,1686,2019,"Drama, Romance, Sports",Madhouse
37450,Rascal Does Not Dream of Bunny Girl Senpai,TV,Light novel,13,Finished Airing,FALSE,PG-13 - Teens 13 or older,8.23,1226857,392,47,1937530,50800,2018,"Drama, Romance, Supernatural",CloverWorks
37491,Gintama. Silver Soul Arc - Second Half War,TV,Manga,14,Finished Airing,FALSE,PG-13 - Teens 13 or older,8.88,106319,26,1240,224033,1093,2018,"Action, Comedy, Sci-Fi",Bandai Namco Pictures
37510,Mob Psycho 100 II,TV,Web manga,13,Finished Airing,FALSE,PG-13 - Teens 13 or older,8.78,1078670,41,73,1708592,33760,2019,"Action, Comedy, Supernatural",Bones
37514,Made in Abyss: Journey's Dawn,Movie,Web manga,1,Finished Airing,FALSE,R - 17+ (violence & profanity),8.18,60112,460,1656,161388,272,,"Adventure, Drama, Fantasy, Mystery, Sci-Fi",Kinema Citrus
37515,Made in Abyss: Wandering Twilight,Movie,Web manga,1,Finished Airing,FALSE,R - 17+ (violence & profanity),8.39,68582,231,1645,162890,292,,"Adventure, Drama, Fantasy, Mystery, Sci-Fi",Kinema Citrus
37520,Dororo,TV,Manga,24,Finished Airing,FALSE,R - 17+ (violence & profanity),8.26,694779,357,107,1363379,22959,2019,"Action, Adventure, Fantasy","Tezuka Productions, MAPPA"
37521,Vinland Saga,TV,Manga,24,Finished Airing,FALSE,R - 17+ (violence & profanity),8.78,1044611,39,62,1790701,56546,2019,"Action, Adventure, Drama",Wit Studio
37779,The Promised Neverland,TV,Manga,12,Finished Airing,FALSE,R - 17+ (violence & profanity),8.47,1388217,175,37,2137337,32909,2019,"Mystery, Suspense",CloverWorks
37822,Soul Land,ONA,Novel,237,Finished Airing,FALSE,PG-13 - Teens 13 or older,8.36,10470,254,5079,23834,501,,"Action, Adventure, Fantasy",Sparkly Key Animation Studio
37965,Run with the Wind,TV,Novel,23,Finished Airing,FALSE,PG-13 - Teens 13 or older,8.38,150399,235,830,332735,6511,2018,"Drama, Sports",Production I.G
37987,Violet Evergarden: The Movie,Movie,Light novel,1,Finished Airing,FALSE,PG-13 - Teens 13 or older,8.84,335399,31,324,718094,9723,,"Award Winning, Drama",Kyoto Animation
37989,Golden Kamuy Season 2,TV,Manga,12,Finished Airing,FALSE,R - 17+ (violence & profanity),8.24,128231,378,1187,235348,1027,2018,"Action, Adventure",Geno Studio
37991,JoJo's Bizarre Adventure: Golden Wind,TV,Manga,39,Finished Airing,FALSE,R - 17+ (violence & profanity),8.58,772632,115,146,1152114,34788,2018,"Action, Adventure",David Production
37999,Kaguya-sama: Love is War,TV,Manga,12,Finished Airing,FALSE,PG-13 - Teens 13 or older,8.4,1202136,223,51,1919471,42220,2019,"Comedy, Romance",A-1 Pictures
38000,Demon Slayer: Kimetsu no Yaiba,TV,Manga,26,Finished Airing,FALSE,R - 17+ (violence & profanity),8.41,2339211,221,5,3407810,94601,2019,"Action, Award Winning, Supernatural",ufotable
38003,Bungo Stray Dogs 3,TV,Manga,12,Finished Airing,FALSE,R - 17+ (violence & profanity),8.2,374706,436,334,703550,5084,2019,"Action, Mystery",Bones
38040,KonoSuba: God's Blessing on This Wonderful World! - Legend of Crimson,Movie,Light novel,1,Finished Airing,FALSE,PG-13 - Teens 13 or older,8.4,555325,225,241,877178,5052,,"Adventure, Comedy, Fantasy",J.C.Staff
38088,Digimon Adventure: Last Evolution Kizuna,Movie,Original,1,Finished Airing,FALSE,PG-13 - Teens 13 or older,8.17,22263,484,3139,62649,348,,"Action, Adventure, Comedy, Drama",Yumeta Company
38234,One Piece: Stampede,Movie,Manga,1,Finished Airing,FALSE,PG-13 - Teens 13 or older,8.17,135164,473,1267,219153,685,,"Action, Adventure, Fantasy",Toei Animation
38249,The Disastrous Life of Saiki K. Final Arc,TV Special,Manga,1,Finished Airing,FALSE,PG-13 - Teens 13 or older,8.21,146336,410,1126,246710,435,,Comedy,"J.C.Staff, Egg Firm"
38329,Rascal Does Not Dream of a Dreaming Girl,Movie,Light novel,1,Finished Airing,FALSE,PG-13 - Teens 13 or older,8.59,513952,111,273,811417,11169,,"Drama, Romance, Supernatural",CloverWorks
38450,The Master of Diabolism 2,ONA,Web novel,8,Finished Airing,FALSE,R - 17+ (violence & profanity),8.46,55519,185,2120,118144,1299,,"Action, Adventure, Drama, Fantasy, Mystery",B.CMAY PICTURES
38474,Laid-Back Camp Season 2,TV,Manga,13,Finished Airing,FALSE,PG-13 - Teens 13 or older,8.5,112370,166,1105,251830,3194,2021,Slice of Life,C-Station
38475,Laid-Back Camp: The Movie,Movie,Manga,1,Finished Airing,FALSE,PG-13 - Teens 13 or older,8.37,34888,250,2460,93777,472,,Slice of Life,C-Station
38524,Attack on Titan Season 3 Part 2,TV,Manga,10,Finished Airing,FALSE,R - 17+ (violence & profanity),9.05,1772569,6,20,2560224,62801,2019,"Action, Drama, Suspense",Wit Studio
38680,Fruits Basket 1st Season,TV,Manga,25,Finished Airing,FALSE,PG-13 - Teens 13 or older,8.2,445898,438,212,937237,18085,2019,"Drama, Romance, Supernatural",TMS Entertainment
38691,Dr. Stone,TV,Manga,24,Finished Airing,FALSE,PG-13 - Teens 13 or older,8.26,1168968,358,49,1935298,31141,2019,"Adventure, Comedy",TMS Entertainment
38731,Ace of Diamond Act II,TV,Manga,52,Finished Airing,FALSE,PG-13 - Teens 13 or older,8.28,50575,333,2361,100755,1082,2019,Sports,Madhouse
38826,Weathering with You,Movie,Original,1,Finished Airing,FALSE,PG-13 - Teens 13 or older,8.27,672095,341,155,1118126,13303,,"Award Winning, Drama, Romance, Supernatural",CoMix Wave Films
38883,Haikyu!! To the Top,TV,Manga,13,Finished Airing,FALSE,PG-13 - Teens 13 or older,8.37,642343,245,174,1042355,5531,2020,Sports,Production I.G
38889,Kono Oto Tomare!: Sounds of Life Season 2,TV,Manga,13,Finished Airing,FALSE,PG-13 - Teens 13 or older,8.42,106815,208,1371,201236,1845,2019,Drama,Platinum Vision
39112,Crying for Rain,Music,Original,1,Finished Airing,FALSE,PG-13 - Teens 13 or older,8.31,18975,,4617,29978,194,,,
39166,Girls und Panzer das Finale – Part 3,Movie,Original,1,Finished Airing,FALSE,PG-13 - Teens 13 or older,8.17,16336,485,3676,47066,125,,,Actas
39167,Girls und Panzer das Finale – Part 4,Movie,Original,1,Finished Airing,FALSE,PG-13 - Teens 13 or older,8.35,9198,272,4900,26100,126,,,Actas
39247,Miss Kobayashi's Dragon Maid S,TV,Manga,12,Finished Airing,FALSE,PG-13 - Teens 13 or older,8.2,306903,422,407,607740,5769,2021,"Slice of Life, Supernatural",Kyoto Animation
39486,Gintama: The Very Final,Movie,Manga,1,Finished Airing,FALSE,PG-13 - Teens 13 or older,9.05,85590,7,1513,180815,4638,,"Action, Comedy, Drama, Sci-Fi",Bandai Namco Pictures
39533,given,TV,Manga,11,Finished Airing,FALSE,PG-13 - Teens 13 or older,8.29,344338,332,387,631694,18076,2019,"Boys Love, Drama",Lerche
39535,Mushoku Tensei: Jobless Reincarnation,TV,Light novel,11,Finished Airing,FALSE,R - 17+ (violence & profanity),8.33,958938,286,87,1550118,39036,2021,"Adventure, Drama, Fantasy, Ecchi",Studio Bind
39547,My Teen Romantic Comedy SNAFU Climax!,TV,Light novel,12,Finished Airing,FALSE,PG-13 - Teens 13 or older,8.35,452369,267,272,812529,14901,2020,"Comedy, Romance",feel.
39551,That Time I Got Reincarnated as a Slime Season 2,TV,Manga,12,Finished Airing,FALSE,PG-13 - Teens 13 or older,8.34,638610,281,163,1097938,10990,2021,"Action, Comedy, Fantasy",8bit
39587,Re:ZERO -Starting Life in Another World- Season 2,TV,Light novel,13,Finished Airing,FALSE,R - 17+ (violence & profanity),8.32,745824,293,128,1263304,12426,2020,"Drama, Fantasy, Suspense",White Fox
39741,Violet Evergarden: Eternity and the Auto Memory Doll,Movie,Light novel,1,Finished Airing,FALSE,PG-13 - Teens 13 or older,8.42,280909,215,537,477379,1731,,Drama,Kyoto Animation
39808,Non Non Biyori Nonstop,TV,Manga,12,Finished Airing,FALSE,PG-13 - Teens 13 or older,8.35,53612,264,1874,138162,984,2021,Slice of Life,SILVER LINK.
39894,Sound! Euphonium 3,TV,Novel,13,Finished Airing,FALSE,PG-13 - Teens 13 or older,8.72,37840,56,2425,95896,2086,2024,Drama,Kyoto Animation
40028,Attack on Titan: Final Season,TV,Manga,16,Finished Airing,FALSE,R - 17+ (violence & profanity),8.78,1503653,38,30,2260274,53900,2021,"Action, Drama, Suspense",MAPPA
40052,Great Pretender,TV,Original,23,Finished Airing,FALSE,R - 17+ (violence & profanity),8.19,354756,442,309,741104,10471,2020,"Action, Adventure, Mystery",Wit Studio
40059,Golden Kamuy Season 3,TV,Manga,12,Finished Airing,FALSE,R - 17+ (violence & profanity),8.43,97528,202,1395,197572,1621,2020,"Action, Adventure",Geno Studio
40211,The Legend of Hei,Movie,Original,1,Finished Airing,FALSE,G - All Ages,8.33,13466,285,3992,40431,503,,"Adventure, Drama, Fantasy",HMCH
40417,Fruits Basket 2nd Season,TV,Manga,25,Finished Airing,FALSE,PG-13 - Teens 13 or older,8.53,299911,147,431,578766,6453,2020,"Drama, Romance, Supernatural",TMS Entertainment
40434,The Master of Diabolism 3,ONA,Web novel,12,Finished Airing,FALSE,R - 17+ (violence & profanity),8.67,34664,79,2427,95845,1736,,"Action, Adventure, Drama, Fantasy, Mystery",B.CMAY PICTURES
40435,The Master of Diabolism Q,ONA,Web novel,30,Finished Airing,FALSE,PG-13 - Teens 13 or older,8.18,10649,464,4763,27980,250,,"Comedy, Fantasy",B.CMAY PICTURES
40456,Demon Slayer: Kimetsu no Yaiba - The Movie: Mugen Train,Movie,Manga,1,Finished Airing,FALSE,R - 17+ (violence & profanity),8.54,1167986,138,64,1756407,13489,,"Action, Supernatural",ufotable
40591,Kaguya-sama: Love is War?,TV,Manga,12,Finished Airing,FALSE,PG-13 - Teens 13 or older,8.61,951011,103,96,1485404,19038,2020,"Comedy, Romance",A-1 Pictures
40664,Revue Starlight: The Movie,Movie,Original,1,Finished Airing,FALSE,PG-13 - Teens 13 or older,8.5,11232,164,4915,25877,1051,,Drama,Kinema Citrus
40682,Kingdom Season 3,TV,Manga,26,Finished Airing,FALSE,R - 17+ (violence & profanity),8.84,54389,30,1948,131531,2746,2020,Action,"Studio Pierrot, Studio Signpost"
40729,Megalobox 2: Nomad,TV,Original,13,Finished Airing,FALSE,R - 17+ (violence & profanity),8.18,91389,465,1223,229221,2247,2021,"Sci-Fi, Sports",TMS Entertainment
40730,Heaven Official's Blessing,ONA,Web novel,11,Finished Airing,FALSE,PG-13 - Teens 13 or older,8.42,76304,214,1558,174918,6148,,"Action, Adventure, Drama, Fantasy",Haoliners Animation
40748,Jujutsu Kaisen,TV,Manga,24,Finished Airing,FALSE,R - 17+ (violence & profanity),8.51,1965238,155,13,2982056,95486,2020,"Action, Award Winning, Supernatural",MAPPA
40776,Haikyu!! To the Top 2nd-cour,TV,Manga,12,Finished Airing,FALSE,PG-13 - Teens 13 or older,8.56,548408,128,219,918357,6478,2020,Sports,Production I.G
40784,Scissor Seven: The Strongest Hairstylist,ONA,Original,10,Finished Airing,FALSE,PG-13 - Teens 13 or older,8.21,55887,413,2411,96695,603,,"Action, Comedy, Drama, Mystery",Sharefun Studio
40787,"Josee, the Tiger and the Fish",Movie,Novel,1,Finished Airing,FALSE,PG-13 - Teens 13 or older,8.38,271486,234,483,520945,7118,,"Drama, Romance",Bones
40834,Ranking of Kings,TV,Web manga,23,Finished Airing,FALSE,PG-13 - Teens 13 or older,8.48,394807,172,306,747592,13748,2021,"Adventure, Fantasy",Wit Studio
40853,Stand By Me Doraemon 2,Movie,Manga,1,Finished Airing,FALSE,PG - Children,8.2,18146,432,3939,41825,139,,"Comedy, Sci-Fi","Shirogumi, Shin-Ei Animation"
40911,Moriarty the Patriot,TV,Manga,11,Finished Airing,FALSE,R - 17+ (violence & profanity),8.17,208019,478,509,502410,8294,2020,"Mystery, Suspense",Production I.G
41025,To Your Eternity,TV,Manga,20,Finished Airing,FALSE,R - 17+ (violence & profanity),8.35,420290,270,194,986586,16136,2021,"Adventure, Drama, Supernatural",Brain's Base
41084,Made in Abyss: The Golden City of the Scorching Sun,TV,Web manga,12,Finished Airing,FALSE,R - 17+ (violence & profanity),8.6,256841,108,467,532284,6887,2022,"Adventure, Drama, Fantasy, Mystery, Sci-Fi",Kinema Citrus
41457,86 Eighty-Six,TV,Light novel,11,Finished Airing,FALSE,R - 17+ (violence & profanity),8.34,499966,275,204,954027,26554,2021,"Drama, Sci-Fi",A-1 Pictures
41467,Bleach: Thousand-Year Blood War,TV,Manga,13,Finished Airing,FALSE,R - 17+ (violence & profanity),8.98,372311,14,346,689965,23059,2022,"Action, Adventure, Supernatural",Studio Pierrot
41487,That Time I Got Reincarnated as a Slime Season 2 Part 2,TV,Manga,12,Finished Airing,FALSE,PG-13 - Teens 13 or older,8.29,519884,325,228,896173,11032,2021,"Action, Comedy, Fantasy",8bit
42203,Re:ZERO -Starting Life in Another World- Season 2 Part 2,TV,Light novel,12,Finished Airing,FALSE,R - 17+ (violence & profanity),8.42,624522,212,173,1051921,13339,2021,"Drama, Fantasy, Suspense",White Fox
42310,Cyberpunk: Edgerunners,ONA,Game,10,Finished Airing,FALSE,R+ - Mild Nudity,8.62,696021,96,180,1024489,34221,,"Action, Sci-Fi",Trigger
42886,Legend of the Galactic Heroes: Die Neue These - Collision,Movie,Novel,12,Finished Airing,FALSE,R - 17+ (violence & profanity),8.32,9880,298,4902,26033,148,,"Drama, Sci-Fi",Production I.G
42894,Natsume's Book of Friends: The Waking Rock and the Strange Visitor,Movie,Manga,1,Finished Airing,FALSE,PG-13 - Teens 13 or older,8.17,13898,470,3430,53406,111,,"Slice of Life, Supernatural",Shuka
42897,Horimiya,TV,Manga,13,Finished Airing,FALSE,PG-13 - Teens 13 or older,8.18,980147,457,80,1611436,39544,2021,Romance,CloverWorks
42938,Fruits Basket: The Final Season,TV,Manga,13,Finished Airing,FALSE,PG-13 - Teens 13 or older,8.94,276997,17,444,556341,21281,2021,"Drama, Romance, Supernatural",TMS Entertainment
42941,Umamusume: Pretty Derby Season 2,TV,Game,13,Finished Airing,FALSE,PG-13 - Teens 13 or older,8.31,55928,309,2280,105535,1789,2021,Sports,Studio KAI
42984,Gotcha!,Music,Game,1,Finished Airing,FALSE,PG - Children,8.31,20335,,4558,30847,219,,Fantasy,Bones
43325,Moriarty the Patriot Part 2,TV,Manga,13,Finished Airing,FALSE,R - 17+ (violence & profanity),8.29,136109,328,956,288909,3310,2021,"Mystery, Suspense",Production I.G
43608,Kaguya-sama: Love is War -Ultra Romantic-,TV,Manga,13,Finished Airing,FALSE,PG-13 - Teens 13 or older,8.96,625481,16,164,1094411,33031,2022,"Comedy, Romance",A-1 Pictures
44055,Sasaki and Miyano,TV,Web manga,12,Finished Airing,FALSE,PG-13 - Teens 13 or older,8.18,105973,450,1194,233755,5634,2022,Boys Love,Studio Deen
44070,Heaven Official's Blessing Special,ONA,Web novel,1,Finished Airing,FALSE,PG-13 - Teens 13 or older,8.49,30844,167,3203,60175,531,,"Action, Adventure, Drama, Fantasy",Haoliners Animation
44074,Link Click,ONA,Original,11,Finished Airing,FALSE,PG-13 - Teens 13 or older,8.71,186312,59,543,472851,14746,,"Drama, Mystery, Suspense",LAN Studio
44087,Gintama: The Semi-Final,Special,Manga,2,Finished Airing,FALSE,PG-13 - Teens 13 or older,8.45,46760,189,2503,91900,268,,"Action, Comedy",Bandai Namco Pictures
44412,Fights Break Sphere 4,ONA,Web novel,24,Finished Airing,FALSE,PG-13 - Teens 13 or older,8.25,4941,362,7137,10224,110,,"Action, Adventure, Fantasy, Romance",Motion Magic
44511,Chainsaw Man,TV,Manga,12,Finished Airing,FALSE,R - 17+ (violence & profanity),8.43,1114252,199,50,1921445,55045,2022,"Action, Fantasy",MAPPA
44940,World Trigger 3rd Season,TV,Manga,14,Finished Airing,FALSE,PG-13 - Teens 13 or older,8.24,54630,377,1859,139302,1290,2021,"Action, Sci-Fi",Toei Animation
45556,Scissor Seven: Xuanwu Kingdom Chapter,ONA,Original,10,Finished Airing,FALSE,R - 17+ (violence & profanity),8.42,45794,216,2644,83580,884,,"Action, Adventure, Comedy, Drama, Mystery",Sharefun Studio
45576,Mushoku Tensei: Jobless Reincarnation Part 2,TV,Light novel,12,Finished Airing,FALSE,R - 17+ (violence & profanity),8.61,694663,105,160,1103240,19191,2021,"Adventure, Drama, Fantasy, Ecchi",Studio Bind
45577,IDOLISH7 Third BEAT!,TV,Game,13,Finished Airing,FALSE,PG-13 - Teens 13 or older,8.24,9220,380,4848,26767,415,2021,Drama,TROYCA
45649,The First Slam Dunk,Movie,Manga,1,Finished Airing,FALSE,PG-13 - Teens 13 or older,8.7,35408,65,2815,75255,1053,,"Award Winning, Sports","Toei Animation, DandeLion Animation Studio"
46095,Vivy -Fluorite Eye's Song-,TV,Original,13,Finished Airing,FALSE,R - 17+ (violence & profanity),8.38,270438,239,409,602496,11481,2021,"Action, Sci-Fi, Suspense",Wit Studio
46102,Odd Taxi,TV,Original,13,Finished Airing,FALSE,PG-13 - Teens 13 or older,8.63,248010,92,505,503884,9123,2021,"Award Winning, Drama, Mystery, Suspense","OLM, P.I.C.S."
46654,IDOLiSH7 Third BEAT! Part 2,TV,Game,17,Finished Airing,FALSE,PG-13 - Teens 13 or older,8.35,6064,263,5698,17848,282,2022,Drama,TROYCA
47194,Summer Time Rendering,TV,Manga,25,Finished Airing,FALSE,R - 17+ (violence & profanity),8.46,285956,181,364,666235,11282,2022,"Mystery, Supernatural, Suspense",OLM
47778,Demon Slayer: Kimetsu no Yaiba Entertainment District Arc,TV,Manga,11,Finished Airing,FALSE,R - 17+ (violence & profanity),8.7,1100892,62,72,1714419,25152,2022,"Action, Supernatural",ufotable
47794,MILGRAM,Music,Other,,Currently Airing,TRUE,PG-13 - Teens 13 or older,8.22,2106,,6437,13045,260,,Suspense,OTOIRO
47917,Bocchi the Rock!,TV,4-koma manga,12,Finished Airing,FALSE,PG-13 - Teens 13 or older,8.73,467456,48,294,772770,36103,2022,Comedy,CloverWorks
48316,The Eminence in Shadow,TV,Light novel,20,Finished Airing,FALSE,R - 17+ (violence & profanity),8.22,459817,400,254,846199,18018,2022,"Action, Comedy, Fantasy",Nexus
48561,Jujutsu Kaisen 0,Movie,Manga,1,Finished Airing,FALSE,R - 17+ (violence & profanity),8.37,769004,246,134,1228111,11099,,"Action, Supernatural",MAPPA
48569,86 Eighty-Six Part 2,TV,Light novel,12,Finished Airing,FALSE,R - 17+ (violence & profanity),8.72,367199,55,388,629602,18287,2021,"Drama, Sci-Fi",A-1 Pictures
48583,Attack on Titan: Final Season Part 2,TV,Manga,12,Finished Airing,FALSE,R - 17+ (violence & profanity),8.77,916552,44,92,1534424,32211,2022,"Action, Drama, Suspense",MAPPA
48653,Racing into the Night,Music,Other,1,Finished Airing,FALSE,PG-13 - Teens 13 or older,8.31,12192,,5505,19544,93,,,
49114,The Case Study of Vanitas Part 2,TV,Manga,12,Finished Airing,FALSE,R - 17+ (violence & profanity),8.19,148979,448,807,341049,2921,2022,"Action, Fantasy, Mystery",Bones
49310,Fruits Basket: Prelude,Movie,Manga,1,Finished Airing,FALSE,PG-13 - Teens 13 or older,8.36,49693,255,1969,129251,874,,"Drama, Romance",TMS Entertainment
49387,Vinland Saga Season 2,TV,Manga,24,Finished Airing,FALSE,R - 17+ (violence & profanity),8.82,469927,34,262,833295,20117,2023,"Action, Adventure, Drama",MAPPA
49413,Link Click Season 2,ONA,Original,12,Finished Airing,FALSE,R - 17+ (violence & profanity),8.64,78421,84,1612,168214,2136,,"Drama, Mystery, Suspense",LAN Studio
49458,KonoSuba: God's Blessing on This Wonderful World! 3,TV,Light novel,11,Finished Airing,FALSE,PG-13 - Teens 13 or older,8.34,232669,279,461,538930,5574,2024,"Adventure, Comedy, Fantasy",Drive
49571,Swallowed Star 2nd Season,ONA,Web novel,26,Finished Airing,FALSE,PG-13 - Teens 13 or older,8.29,3347,327,7524,8906,143,,"Action, Adventure, Fantasy, Sci-Fi",Sparkly Key Animation Studio
49574,A Will Eternal 2nd Season,ONA,Web novel,54,Finished Airing,FALSE,PG-13 - Teens 13 or older,8.19,3036,449,7402,9273,102,,"Action, Adventure, Fantasy",B.CMAY PICTURES
49590,The Tatami Time Machine Blues,ONA,Novel,6,Finished Airing,FALSE,PG-13 - Teens 13 or older,8.17,15746,476,3104,64128,344,,"Comedy, Mystery, Romance, Suspense",Science SARU
49701,Battle Through the Heavens: Three Year Agreement,ONA,Web novel,13,Finished Airing,FALSE,PG-13 - Teens 13 or older,8.55,5071,129,6788,11472,207,,"Action, Adventure, Fantasy",Motion Magic
49721,Teasing Master Takagi-san 3,TV,Manga,12,Finished Airing,FALSE,PG-13 - Teens 13 or older,8.36,95510,260,1314,210229,2350,2022,"Comedy, Romance",Shin-Ei Animation
49722,Teasing Master Takagi-san: The Movie,Movie,Manga,1,Finished Airing,FALSE,PG-13 - Teens 13 or older,8.41,43059,220,2453,94068,768,,Romance,Shin-Ei Animation
49818,Lord of Mysteries,ONA,Web novel,13,Finished Airing,FALSE,R - 17+ (violence & profanity),8.61,68845,99,1428,191899,3920,,"Action, Fantasy, Mystery, Suspense",B.CMAY PICTURES
49918,My Hero Academia Season 6,TV,Manga,25,Finished Airing,FALSE,PG-13 - Teens 13 or older,8.22,413931,398,278,805727,7356,2022,Action,Bones
49926,Demon Slayer: Kimetsu no Yaiba Mugen Train Arc,TV,Manga,7,Finished Airing,FALSE,R - 17+ (violence & profanity),8.34,582274,278,201,959745,4653,2021,"Action, Supernatural",ufotable
50160,Kingdom Season 4,TV,Manga,26,Finished Airing,FALSE,R - 17+ (violence & profanity),8.73,39918,50,2544,88674,1195,2022,Action,"Studio Pierrot, Studio Signpost"
50172,Mob Psycho 100 III,TV,Web manga,12,Finished Airing,FALSE,PG-13 - Teens 13 or older,8.71,436124,61,257,844777,12469,2022,"Action, Comedy, Supernatural",Bones
50183,Blue Giant,Movie,Manga,1,Finished Airing,FALSE,PG-13 - Teens 13 or older,8.38,17425,240,3656,47478,477,,,Nut
50250,Chiikawa,TV,Web manga,,Currently Airing,TRUE,G - All Ages,8.55,5438,129,5643,18246,609,2022,Slice of Life,Doga Kobo
50265,Spy x Family,TV,Manga,12,Finished Airing,FALSE,PG-13 - Teens 13 or older,8.43,1146359,197,57,1861550,41190,2022,"Action, Award Winning, Comedy","Wit Studio, CloverWorks"
50330,Bungo Stray Dogs 4,TV,Manga,13,Finished Airing,FALSE,R - 17+ (violence & profanity),8.42,146261,205,761,354429,3414,2023,"Action, Mystery",Bones
50399,Heaven Official's Blessing Season 2,ONA,Web novel,12,Finished Airing,FALSE,PG-13 - Teens 13 or older,8.64,24498,87,3115,63542,1292,,"Action, Adventure, Drama, Fantasy",Red Dog Culture House
50407,Fog Hill of Five Elements 2nd Season,ONA,Original,4,Finished Airing,FALSE,R - 17+ (violence & profanity),8.32,6210,295,5561,19020,126,,"Action, Fantasy",Samsara Animation Studio
50594,Suzume,Movie,Original,1,Finished Airing,FALSE,PG-13 - Teens 13 or older,8.24,273483,376,517,492506,5421,,"Adventure, Supernatural",CoMix Wave Films
50602,Spy x Family Part 2,TV,Manga,13,Finished Airing,FALSE,PG-13 - Teens 13 or older,8.2,608445,431,156,1116254,7662,2022,"Action, Comedy","Wit Studio, CloverWorks"
51009,Jujutsu Kaisen Season 2,TV,Manga,23,Finished Airing,FALSE,R - 17+ (violence & profanity),8.71,792328,60,110,1349022,25893,2023,"Action, Supernatural",MAPPA
51039,Battle Through The Heavens Season 5,ONA,Web novel,209,Currently Airing,TRUE,PG-13 - Teens 13 or older,8.43,4110,201,6650,12034,394,,"Action, Adventure, Fantasy",Motion Magic
51179,Mushoku Tensei: Jobless Reincarnation Season 2,TV,Light novel,12,Finished Airing,FALSE,R - 17+ (violence & profanity),8.2,432193,428,311,738698,7808,2023,"Adventure, Drama, Fantasy, Ecchi",Studio Bind
51440,Sasaki and Miyano: Graduation,Movie,Manga,1,Finished Airing,FALSE,PG-13 - Teens 13 or older,8.31,21775,307,3221,59606,394,,Boys Love,Studio Deen
51535,Attack on Titan: Final Season - The Final Chapters,TV Special,Manga,2,Finished Airing,FALSE,R - 17+ (violence & profanity),8.86,515080,28,256,845798,17226,,"Action, Drama, Suspense",MAPPA
51805,Legend of the Galactic Heroes: Die Neue These - Intrigue,Movie,Novel,12,Finished Airing,FALSE,R - 17+ (violence & profanity),8.32,7415,299,5608,18614,72,,"Drama, Sci-Fi",Production I.G
52034,[Oshi No Ko],TV,Manga,11,Finished Airing,FALSE,PG-13 - Teens 13 or older,8.54,607294,144,179,1026957,30999,2023,"Award Winning, Drama",Doga Kobo
52198,Kaguya-sama: Love is War -The First Kiss That Never Ends-,Movie,Manga,1,Finished Airing,FALSE,PG-13 - Teens 13 or older,8.72,210857,53,731,371283,2320,,"Comedy, Drama, Romance",A-1 Pictures
52215,Orb: On the Movements of the Earth,TV,Manga,25,Finished Airing,FALSE,R - 17+ (violence & profanity),8.71,111596,57,995,279082,7028,2024,Drama,Madhouse
52299,Solo Leveling,TV,Web manga,12,Finished Airing,FALSE,R - 17+ (violence & profanity),8.18,685728,466,159,1106134,19819,2024,"Action, Adventure, Fantasy",A-1 Pictures
52578,The Dangers in My Heart,TV,Manga,12,Finished Airing,FALSE,PG-13 - Teens 13 or older,8.21,223694,415,611,430403,6286,2023,"Comedy, Romance",Shin-Ei Animation
52588,Kaiju No. 8,TV,Manga,12,Finished Airing,FALSE,PG-13 - Teens 13 or older,8.22,409452,401,331,708999,6649,2024,"Action, Fantasy, Sci-Fi",Production I.G
52684,Throne of Seal 2nd Season,ONA,Web novel,,Currently Airing,TRUE,PG-13 - Teens 13 or older,8.22,2849,406,8042,7550,159,,"Action, Adventure, Fantasy",Shenman Entertainment
52701,Delicious in Dungeon,TV,Manga,24,Finished Airing,FALSE,R - 17+ (violence & profanity),8.59,290372,110,436,565203,12165,2024,"Adventure, Comedy, Fantasy, Gourmet",Trigger
52742,Haikyu!! Movie: The Dumpster Battle,Movie,Manga,1,Finished Airing,FALSE,PG-13 - Teens 13 or older,8.61,103057,100,1262,219941,1710,,Sports,Production I.G
52991,Frieren: Beyond Journey's End,TV,Manga,28,Finished Airing,FALSE,PG-13 - Teens 13 or older,9.28,823434,1,108,1353494,85889,2023,"Adventure, Drama, Fantasy",Madhouse
53065,My Dress-Up Darling Season 2,TV,Manga,12,Finished Airing,FALSE,PG-13 - Teens 13 or older,8.19,186658,447,592,442053,4282,2025,Romance,CloverWorks
53111,Is It Wrong to Try to Pick Up Girls in a Dungeon? IV Part 2,TV,Light novel,11,Finished Airing,FALSE,R - 17+ (violence & profanity),8.25,153669,364,955,289107,1910,2023,"Action, Adventure, Fantasy",J.C.Staff
53223,Kingdom Season 5,TV,Manga,13,Finished Airing,FALSE,R - 17+ (violence & profanity),8.73,27697,51,3179,60806,617,2024,Action,"Studio Pierrot, Studio Signpost"
53236,Road of Naruto,PV,Manga,1,Finished Airing,FALSE,PG-13 - Teens 13 or older,8.38,22622,,4078,38856,112,,"Action, Fantasy",Studio Pierrot
53273,JoJo's Bizarre Adventure: Stone Ocean Part 3,ONA,Manga,14,Finished Airing,FALSE,R - 17+ (violence & profanity),8.51,191125,154,952,290006,3493,,"Action, Adventure",David Production
53393,Heavenly Delusion,TV,Manga,13,Finished Airing,FALSE,R - 17+ (violence & profanity),8.21,287540,412,401,618506,7643,2023,"Adventure, Mystery, Sci-Fi",Production I.G
53447,To Be Hero X,ONA,Original,24,Finished Airing,FALSE,PG-13 - Teens 13 or older,8.69,103226,68,1189,235112,4972,,Action,"Pb Animation, LAN Studio, Paper Plane Animation Studio, B.COOL STUDIO"
53540,Detective Conan Movie 26: Black Iron Submarine,Movie,Manga,1,Finished Airing,FALSE,PG-13 - Teens 13 or older,8.34,9435,280,5591,18803,121,,"Action, Mystery",TMS Entertainment
53672,Violet Evergarden: Recollections,Special,Light novel,1,Finished Airing,FALSE,PG-13 - Teens 13 or older,8.4,15799,228,3732,45841,175,,Drama,Kyoto Animation
53998,Bleach: Thousand-Year Blood War - The Separation,TV,Manga,13,Finished Airing,FALSE,R - 17+ (violence & profanity),8.7,227965,63,671,402248,5039,2023,"Action, Adventure, Supernatural",Studio Pierrot
54029,Scissor Seven: Shadow Fate,ONA,Original,10,Finished Airing,FALSE,R - 17+ (violence & profanity),8.25,20027,370,4058,39115,230,,"Action, Adventure, Comedy, Drama, Mystery",Sharefun Studio
54492,The Apothecary Diaries,TV,Light novel,24,Finished Airing,FALSE,PG-13 - Teens 13 or older,8.85,452989,29,279,804754,27026,2023,"Drama, Mystery","OLM, TOHO animation STUDIO"
54595,The Eminence in Shadow Season 2,TV,Light novel,12,Finished Airing,FALSE,R - 17+ (violence & profanity),8.26,291417,348,484,520480,5190,2023,"Action, Comedy, Fantasy",Nexus
54857,Re:ZERO -Starting Life in Another World- Season 3,TV,Light novel,16,Finished Airing,FALSE,R - 17+ (violence & profanity),8.43,216013,196,536,480332,6426,2024,"Drama, Fantasy, Suspense",White Fox
54870,Rascal Does Not Dream of a Knapsack Kid,Movie,Light novel,1,Finished Airing,FALSE,PG-13 - Teens 13 or older,8.28,77584,338,1533,177395,665,,"Drama, Romance, Supernatural",CloverWorks
54898,Bungo Stray Dogs 5,TV,Manga,11,Finished Airing,FALSE,R - 17+ (violence & profanity),8.6,118392,109,1093,253489,2942,2023,"Action, Mystery",Bones
54959,BanG Dream! It's MyGO!!!!!,TV,Mixed media,13,Finished Airing,FALSE,PG-13 - Teens 13 or older,8.22,20035,396,3965,41278,1127,2023,Drama,SANZIGEN
55016,Idol,Music,Original,1,Finished Airing,FALSE,PG-13 - Teens 13 or older,8.7,19027,,4775,27791,336,,,Doga Kobo
55102,Girls Band Cry,TV,Original,13,Finished Airing,FALSE,PG-13 - Teens 13 or older,8.36,52901,256,1935,132916,3096,2024,Drama,Toei Animation
55255,Alien Stage,Music,Music,12,Finished Airing,FALSE,R - 17+ (violence & profanity),8.62,6794,,6040,15322,793,,"Drama, Sci-Fi, Suspense",LICO
55318,Medalist,TV,Manga,13,Finished Airing,FALSE,PG-13 - Teens 13 or older,8.37,35832,247,2600,85964,613,2025,"Drama, Sports",ENGI
55357,Bocchi the Rock! Movie,Movie,4-koma manga,2,Finished Airing,FALSE,PG-13 - Teens 13 or older,8.31,7956,300,2921,71014,443,,Comedy,CloverWorks
55644,Dr. Stone: New World Part 2,TV,Manga,11,Finished Airing,FALSE,PG-13 - Teens 13 or older,8.3,224436,312,641,416630,1626,2023,"Adventure, Comedy",TMS Entertainment
55655,The Demon Hunter,ONA,Web novel,26,Finished Airing,FALSE,PG-13 - Teens 13 or older,8.17,2017,482,9376,5114,66,,"Action, Adventure, Fantasy",Shenman Entertainment
55690,The Dangers in My Heart Season 2,TV,Manga,13,Finished Airing,FALSE,PG-13 - Teens 13 or older,8.7,171293,64,920,300348,6065,2024,"Comedy, Romance",Shin-Ei Animation
55772,Golden Kamuy Final Season,TV,Manga,13,Currently Airing,TRUE,R - 17+ (violence & profanity),8.35,3887,273,3538,50303,119,2026,"Action, Adventure",Brain's Base
55791,[Oshi No Ko] Season 2,TV,Manga,13,Finished Airing,FALSE,PG-13 - Teens 13 or older,8.52,246646,152,510,501186,6043,2024,Drama,Doga Kobo
55809,Renegade Immortal,ONA,Web novel,,Currently Airing,TRUE,PG-13 - Teens 13 or older,8.46,2717,182,7060,10453,318,,"Action, Adventure, Fantasy",BUILD DREAM
55823,Natsume's Book of Friends Season 7,TV,Manga,12,Finished Airing,FALSE,PG-13 - Teens 13 or older,8.58,17810,118,3293,57208,523,2024,"Slice of Life, Supernatural",Shuka
55825,Hell's Paradise Season 2,TV,Manga,12,Currently Airing,TRUE,R - 17+ (violence & profanity),8.23,30118,386,906,308946,2572,2026,"Action, Adventure, Supernatural",MAPPA
55830,Fate/strange Fake,TV,Light novel,13,Currently Airing,TRUE,R - 17+ (violence & profanity),8.51,17933,158,1892,136989,725,2026,"Action, Fantasy",A-1 Pictures
55866,A Sign of Affection,TV,Manga,12,Finished Airing,FALSE,PG-13 - Teens 13 or older,8.2,156177,435,815,337274,4543,2024,Romance,Ajia-do
55888,Mushoku Tensei: Jobless Reincarnation Season 2 Part 2,TV,Light novel,12,Finished Airing,FALSE,R - 17+ (violence & profanity),8.39,320010,233,445,556073,4583,2024,"Adventure, Drama, Fantasy, Ecchi",Studio Bind
56009,Sentenced to Be a Hero,TV,Light novel,12,Currently Airing,TRUE,R - 17+ (violence & profanity),8.18,41100,452,1213,230945,1035,2026,"Action, Adventure, Fantasy",Studio KAI
56215,A Will Eternal 3rd Season,ONA,Web novel,59,Finished Airing,FALSE,PG-13 - Teens 13 or older,8.22,1279,408,10182,4026,44,,"Action, Adventure, Comedy, Fantasy",B.CMAY PICTURES
56523,Swallowed Star 3rd Season,ONA,Web novel,33,Finished Airing,FALSE,PG-13 - Teens 13 or older,8.38,2364,238,9463,4975,45,,"Action, Adventure, Fantasy, Sci-Fi",Sparkly Key Animation Studio
56524,Swallowed Star 4th Season,ONA,Web novel,175,Currently Airing,TRUE,PG-13 - Teens 13 or older,8.37,2038,249,8976,5756,153,,"Action, Adventure, Fantasy, Sci-Fi",Sparkly Key Animation Studio
56538,Kimi ni Todoke: From Me to You Season 3,ONA,Manga,5,Finished Airing,FALSE,PG-13 - Teens 13 or older,8.43,40294,194,2210,110052,789,,"Drama, Romance",Production I.G
56752,Link Click: Bridon Arc,ONA,Original,6,Finished Airing,FALSE,PG-13 - Teens 13 or older,8.3,26555,310,3053,65612,509,,Drama,CMC Media
56784,Bleach: Thousand-Year Blood War - The Conflict,TV,Manga,14,Finished Airing,FALSE,R - 17+ (violence & profanity),8.67,150025,75,976,284293,3642,2024,"Action, Adventure, Supernatural",Pierrot Films
57067,A Record Of Mortal's Journey To Immortality 3rd Season,ONA,Web novel,48,Finished Airing,FALSE,PG-13 - Teens 13 or older,8.35,1648,269,10323,3824,38,,"Action, Adventure, Fantasy","Original Force, Wonder Cat Animation"
57181,Blue Box,TV,Manga,25,Finished Airing,FALSE,PG-13 - Teens 13 or older,8.16,144693,487,880,317439,4284,2024,"Romance, Sports",Telecom Animation Film
57334,Dan Da Dan,TV,Manga,12,Finished Airing,FALSE,R - 17+ (violence & profanity),8.43,569567,200,213,934770,15314,2024,"Action, Comedy, Supernatural",Science SARU
57433,Rascal Does Not Dream of Santa Claus,TV,Light novel,13,Finished Airing,FALSE,PG-13 - Teens 13 or older,8.17,63308,474,1368,201985,1096,2025,"Drama, Romance, Supernatural",CloverWorks
57555,Chainsaw Man – The Movie: Reze Arc,Movie,Manga,1,Finished Airing,FALSE,R - 17+ (violence & profanity),9.09,255607,4,643,414906,12097,,"Action, Fantasy",MAPPA
57592,Dr. Stone: Science Future,TV,Manga,12,Finished Airing,FALSE,PG-13 - Teens 13 or older,8.25,140007,363,942,291503,1231,2025,"Adventure, Comedy",TMS Entertainment
57647,Umamusume: Pretty Derby - Beginning of a New Era,Movie,Game,1,Finished Airing,FALSE,PG-13 - Teens 13 or older,8.64,31358,88,3481,51915,894,,Sports,CygamesPictures
57658,Jujutsu Kaisen: The Culling Game Part 1,TV,Manga,12,Currently Airing,TRUE,R - 17+ (violence & profanity),8.58,59958,116,719,376037,2285,2026,"Action, Supernatural",MAPPA
57864,Monogatari Series: Off & Monster Season,ONA,Light novel,14,Finished Airing,FALSE,R - 17+ (violence & profanity),8.65,38177,81,2360,100749,884,,"Comedy, Mystery, Supernatural",Shaft
58125,Look Back,Movie,Manga,1,Finished Airing,FALSE,PG-13 - Teens 13 or older,8.62,130945,94,1215,230531,4739,,Drama,Studio DURIAN
58222,given The Movie: To the Sea,Movie,Manga,1,Finished Airing,FALSE,PG-13 - Teens 13 or older,8.49,9099,168,4669,29188,157,,"Boys Love, Drama",Lerche
58390,Call of the Night Season 2,TV,Manga,12,Finished Airing,FALSE,PG-13 - Teens 13 or older,8.34,84514,282,1218,229491,1611,2025,"Romance, Supernatural",LIDENFILMS
58514,The Apothecary Diaries Season 2,TV,Light novel,24,Finished Airing,FALSE,PG-13 - Teens 13 or older,8.91,242040,21,541,473519,7352,2025,"Drama, Mystery","OLM, TOHO animation STUDIO"
58567,Solo Leveling Season 2: Arise from the Shadow,TV,Web manga,13,Finished Airing,FALSE,R - 17+ (violence & profanity),8.57,477518,120,307,747459,11279,2025,"Action, Adventure, Fantasy",A-1 Pictures
58572,Shangri-La Frontier Season 2,TV,Manga,25,Finished Airing,FALSE,PG-13 - Teens 13 or older,8.26,126179,350,1095,253338,1532,2024,"Action, Adventure, Fantasy",C2C
58788,Journal with Witch,TV,Manga,13,Currently Airing,TRUE,PG-13 - Teens 13 or older,8.69,10607,70,2856,73698,638,2026,Drama,Shuka
58919,100 Meters,Movie,Web manga,1,Finished Airing,FALSE,PG-13 - Teens 13 or older,8.35,32981,274,3208,60014,577,,"Drama, Sports",Rock'n Roll Mountain
59027,Spy x Family Season 3,TV,Manga,13,Finished Airing,FALSE,PG-13 - Teens 13 or older,8.21,111238,411,872,320028,1787,2025,"Action, Comedy","Wit Studio, CloverWorks"
59062,Gachiakuta,TV,Manga,24,Finished Airing,FALSE,PG-13 - Teens 13 or older,8.22,187009,399,577,451756,5156,2025,"Action, Fantasy",Bones Film
59150,Scissor Seven: Fragments of Memory,ONA,Original,10,Finished Airing,FALSE,R - 17+ (violence & profanity),8.27,7047,342,5661,18124,77,,"Action, Adventure, Comedy, Drama, Mystery, Sci-Fi, Supernatural",Sharefun Studio
59192,Demon Slayer: Kimetsu no Yaiba - The Movie: Infinity Castle - Part 1: Akaza Returns,Movie,Manga,1,Finished Airing,FALSE,R - 17+ (violence & profanity),8.68,172026,72,785,346572,3319,,"Action, Supernatural",ufotable
59228,Black Butler: Emerald Witch Arc,TV,Manga,13,Finished Airing,FALSE,R - 17+ (violence & profanity),8.16,24340,492,2932,70532,549,2025,"Action, Mystery, Supernatural",CloverWorks
59408,Mononoke The Movie: Chapter II - The Ashes of Rage,Movie,Original,1,Finished Airing,FALSE,R - 17+ (violence & profanity),8.26,5411,349,5429,20306,83,,"Horror, Mystery, Supernatural, Suspense","EOTA, Crew-Cell"
59571,Attack on Titan: The Last Attack,Movie,Manga,1,Finished Airing,FALSE,R - 17+ (violence & profanity),8.83,36382,32,2707,80687,592,,"Action, Drama, Suspense",MAPPA
59636,Umamusume: Cinderella Gray,TV,Manga,13,Finished Airing,FALSE,PG-13 - Teens 13 or older,8.57,45605,123,2491,92403,1323,2025,"Drama, Sports",CygamesPictures
59845,The Fragrant Flower Blooms with Dignity,TV,Web manga,13,Finished Airing,FALSE,PG-13 - Teens 13 or older,8.55,199931,136,633,419445,8137,2025,"Drama, Romance",CloverWorks
59897,Miss Kobayashi's Dragon Maid: A Lonely Dragon Wants to be Loved,Movie,Manga,1,Finished Airing,FALSE,PG-13 - Teens 13 or older,8.32,7967,291,3479,51954,139,,"Slice of Life, Supernatural",Kyoto Animation
59953,Tales of Herding Gods,ONA,Web novel,,Currently Airing,TRUE,PG-13 - Teens 13 or older,8.28,12856,337,6049,15245,55,,"Action, Adventure, Fantasy",Sparkly Key Animation Studio
59978,Frieren: Beyond Journey's End Season 2,TV,Manga,10,Currently Airing,TRUE,PG-13 - Teens 13 or older,9.16,62148,2,644,414180,5476,2026,"Adventure, Drama, Fantasy",Madhouse
59986,Grand Blue Dreaming Season 2,TV,Manga,12,Finished Airing,FALSE,PG-13 - Teens 13 or older,8.5,81822,160,1445,188992,1267,2025,Comedy,"Zero-G, Liber"
60022,One Piece Fan Letter,TV Special,Light novel,1,Finished Airing,FALSE,PG-13 - Teens 13 or older,9.02,105906,13,1788,146484,2538,,"Action, Adventure, Fantasy",Toei Animation
60058,[Oshi No Ko] Season 3,TV,Manga,11,Currently Airing,TRUE,PG-13 - Teens 13 or older,8.59,23588,113,1295,213637,1194,2026,Drama,Doga Kobo
60098,My Hero Academia Final Season,TV,Manga,11,Finished Airing,FALSE,PG-13 - Teens 13 or older,8.73,137508,49,994,279531,2644,2025,Action,Bones Film
60371,You and I Are Polar Opposites,TV,Manga,12,Currently Airing,TRUE,PG-13 - Teens 13 or older,8.2,20860,429,2095,119628,582,2026,"Comedy, Romance",Lapin Track
60420,The Demon Hunter 2,ONA,Web novel,36,Finished Airing,FALSE,PG-13 - Teens 13 or older,8.19,919,440,12270,2212,24,,"Action, Adventure, Fantasy","Shenman Entertainment, Tianshi Wenhua"
60489,Takopi's Original Sin,ONA,Manga,6,Finished Airing,FALSE,R - 17+ (violence & profanity),8.76,160890,45,939,292240,6138,,"Drama, Sci-Fi",Enishiya
60543,Dan Da Dan Season 2,TV,Manga,12,Finished Airing,FALSE,R - 17+ (violence & profanity),8.42,269862,206,485,519186,3691,2025,"Action, Comedy, Supernatural",Science SARU
60544,Ne Zha 2,Movie,Original,1,Finished Airing,FALSE,PG-13 - Teens 13 or older,8.48,4831,170,7123,10269,63,,"Action, Comedy, Drama, Fantasy",October Media
60557,A Record Of Mortal's Journey To Immortality 4th Season,ONA,Web novel,52,Finished Airing,FALSE,PG-13 - Teens 13 or older,8.55,1087,130,11492,2741,43,,"Action, Adventure, Fantasy","Original Force, Wonder Cat Animation"
60988,Heaven Official's Blessing Short Films,ONA,Web novel,,Currently Airing,TRUE,PG-13 - Teens 13 or older,8.47,2138,174,6983,10704,164,,"Action, Adventure, Drama, Fantasy",Red Dog Culture House
61322,Dr. Stone: Science Future Part 2,TV,Manga,12,Finished Airing,FALSE,PG-13 - Teens 13 or older,8.52,101932,149,1331,207410,821,2025,"Adventure, Comedy",TMS Entertainment
61335,Medalist Season 2,TV,Manga,9,Currently Airing,TRUE,PG-13 - Teens 13 or older,8.42,3876,209,4478,31774,99,2026,"Drama, Sports",ENGI
61517,Kingdom Season 6,TV,Manga,13,Finished Airing,FALSE,R - 17+ (violence & profanity),8.69,15326,71,4243,35778,458,2025,Action,"Studio Pierrot, Studio Signpost"
61903,Kaguya-sama: Love Is War - Stairway to Adulthood,TV Special,Manga,1,Finished Airing,FALSE,PG-13 - Teens 13 or older,8.55,41645,135,2507,91617,302,,"Comedy, Romance",A-1 Pictures
61930,Umamusume: Cinderella Gray Part 2,TV,Manga,10,Finished Airing,FALSE,PG-13 - Teens 13 or older,8.67,27931,78,3298,57131,503,2025,"Drama, Sports",CygamesPictures
61952,The Legend of Hei 2,Movie,Original,1,Finished Airing,FALSE,G - All Ages,8.62,1977,95,7680,8492,65,,"Adventure, Drama, Fantasy",HMCH
62896,Cosmic Princess Kaguya!,ONA,Original,1,Finished Airing,FALSE,PG-13 - Teens 13 or older,8.51,30013,157,3049,65838,1487,,"Action, Sci-Fi, Supernatural","Studio Colorido, Studio Chromato"
63019,Love Through a Prism,ONA,Original,20,Finished Airing,FALSE,PG-13 - Teens 13 or older,8.53,13516,146,3887,42869,750,,"Drama, Romance",Wit Studio